,date,rolling_deaths,cases
0,2020-01-03,0.0,0.0
1,2020-01-04,0.0,1.0
2,2020-01-05,0.0,0.0
3,2020-01-06,0.0,3.0
4,2020-01-07,0.0,0.0
5,2020-01-08,0.0,0.0
6,2020-01-09,0.0,0.0
7,2020-01-10,0.0,0.0
8,2020-01-11,0.0,0.0
9,2020-01-12,0.14285714285714285,41.0
10,2020-01-13,0.14285714285714285,0.0
11,2020-01-14,0.14285714285714285,0.0
12,2020-01-15,0.14285714285714285,0.0
13,2020-01-16,0.14285714285714285,0.0
14,2020-01-17,0.2857142857142857,4.0
15,2020-01-18,0.2857142857142857,0.0
16,2020-01-19,0.2857142857142857,76.0
17,2020-01-20,0.42857142857142855,77.0
18,2020-01-21,0.7142857142857143,93.0
19,2020-01-22,2.2857142857142856,147.0
20,2020-01-23,2.4285714285714284,132.0
21,2020-01-24,3.4285714285714284,261.0
22,2020-01-25,5.714285714285714,462.0
23,2020-01-26,7.571428571428571,688.0
24,2020-01-27,11.142857142857142,776.0
25,2020-01-28,17.857142857142858,1772.0
26,2020-01-29,16.571428571428573,1464.0
27,2020-01-30,21.857142857142858,1739.0
28,2020-01-31,26.714285714285715,1984.0
29,2020-02-01,31.0,2101.0
30,2020-02-02,43.57142857142857,2590.0
31,2020-02-03,49.0,2827.0
32,2020-02-04,51.42857142857143,3233.0
33,2020-02-05,61.42857142857143,3892.0
34,2020-02-06,66.0,3697.0
35,2020-02-07,72.14285714285714,3151.0
36,2020-02-08,78.0,3387.0
37,2020-02-09,77.71428571428571,2653.0
38,2020-02-10,83.85714285714286,2984.0
39,2020-02-11,88.71428571428571,2473.0
40,2020-02-12,79.14285714285714,2022.0
41,2020-02-13,105.14285714285714,15152.0
42,2020-02-14,114.71428571428571,4050.0
43,2020-02-15,122.57142857142857,2644.0
44,2020-02-16,123.14285714285714,2008.0
45,2020-02-17,121.85714285714286,2051.0
46,2020-02-18,127.42857142857143,1893.0
47,2020-02-19,142.85714285714286,1750.0
48,2020-02-20,124.28571428571429,397.0
49,2020-02-21,102.57142857142857,893.0
50,2020-02-22,111.57142857142857,825.0
51,2020-02-23,97.0,649.0
52,2020-02-24,104.42857142857143,220.0
53,2020-02-25,94.57142857142857,517.0
54,2020-02-26,85.85714285714286,411.0
55,2020-02-27,72.57142857142857,440.0
56,2020-02-28,78.85714285714286,329.0
57,2020-02-29,56.285714285714285,430.0
58,2020-03-01,61.0,579.0
59,2020-03-02,45.57142857142857,206.0
60,2020-03-03,40.285714285714285,128.0
61,2020-03-04,38.0,120.0
62,2020-03-05,38.42857142857143,143.0
63,2020-03-06,36.285714285714285,145.0
64,2020-03-07,33.57142857142857,103.0
65,2020-03-08,32.57142857142857,46.0
66,2020-03-09,29.857142857142858,45.0
67,2020-03-10,27.428571428571427,20.0
68,2020-03-11,25.428571428571427,31.0
69,2020-03-12,22.428571428571427,25.0
70,2020-03-13,19.428571428571427,11.0
71,2020-03-14,17.285714285714285,30.0
72,2020-03-15,14.714285714285714,27.0
73,2020-03-16,13.428571428571429,29.0
74,2020-03-17,13.0,40.0
75,2020-03-18,11.428571428571429,34.0
76,2020-03-19,11.0,86.0
77,2020-03-20,10.571428571428571,63.0
78,2020-03-21,9.571428571428571,116.0
79,2020-03-22,9.0,82.0
80,2020-03-23,8.285714285714286,103.0
81,2020-03-24,7.428571428571429,146.0
82,2020-03-25,6.428571428571429,101.0
83,2020-03-26,6.142857142857143,113.0
84,2020-03-27,6.142857142857143,117.0
85,2020-03-28,5.714285714285714,135.0
86,2020-03-29,5.571428571428571,128.0
87,2020-03-30,4.857142857142857,106.0
88,2020-03-31,4.428571428571429,98.0
89,2020-04-01,4.857142857142857,86.0
90,2020-04-02,4.857142857142857,93.0
91,2020-04-03,4.714285714285714,78.0
92,2020-04-04,4.857142857142857,73.0
93,2020-04-05,4.571428571428571,55.0
94,2020-04-06,4.285714285714286,75.0
95,2020-04-07,3.7142857142857144,67.0
96,2020-04-08,3.0,85.0
97,2020-04-09,2.4285714285714284,92.0
98,2020-04-10,2.0,56.0
99,2020-04-11,2.0,64.0
100,2020-04-12,1.5714285714285714,113.0
101,2020-04-13,1.5714285714285714,115.0
102,2020-04-14,1.5714285714285714,99.0
103,2020-04-15,1.4285714285714286,49.0
104,2020-04-16,1.1428571428571428,52.0
105,2020-04-17,1.0,27.0
106,2020-04-18,184.71428571428572,356.0
107,2020-04-19,184.71428571428572,21.0
108,2020-04-20,184.42857142857142,36.0
109,2020-04-21,184.42857142857142,13.0
110,2020-04-22,184.28571428571428,37.0
111,2020-04-23,184.28571428571428,15.0
112,2020-04-24,184.28571428571428,9.0
113,2020-04-25,0.0,13.0
114,2020-04-26,0.0,14.0
115,2020-04-27,0.14285714285714285,3.0
116,2020-04-28,0.14285714285714285,6.0
117,2020-04-29,0.14285714285714285,22.0
118,2020-04-30,0.14285714285714285,4.0
119,2020-05-01,0.14285714285714285,12.0
120,2020-05-02,0.14285714285714285,3.0
121,2020-05-03,0.14285714285714285,5.0
122,2020-05-04,0.0,7.0
123,2020-05-05,0.0,4.0
124,2020-05-06,0.0,2.0
125,2020-05-07,0.0,3.0
126,2020-05-08,0.0,6.0
127,2020-05-09,0.0,1.0
128,2020-05-10,0.0,14.0
129,2020-05-11,0.0,20.0
130,2020-05-12,0.14285714285714285,1.0
131,2020-05-13,0.14285714285714285,7.0
132,2020-05-14,0.14285714285714285,6.0
133,2020-05-15,0.14285714285714285,5.0
134,2020-05-16,0.14285714285714285,9.0
135,2020-05-17,0.2857142857142857,6.0
136,2020-05-18,0.2857142857142857,10.0
137,2020-05-19,0.14285714285714285,6.0
138,2020-05-20,0.14285714285714285,5.0
139,2020-05-21,0.14285714285714285,2.0
140,2020-05-22,0.14285714285714285,13.0
141,2020-05-23,0.14285714285714285,2.0
142,2020-05-24,0.0,3.0
143,2020-05-25,0.0,11.0
144,2020-05-26,0.0,7.0
145,2020-05-27,0.0,1.0
146,2020-05-28,0.0,3.0
147,2020-05-29,0.0,0.0
148,2020-05-30,0.0,18.0
149,2020-05-31,0.0,5.0
150,2020-06-01,0.0,18.0
151,2020-06-02,0.0,9.0
152,2020-06-03,0.0,5.0
153,2020-06-04,0.0,1.0
154,2020-06-05,0.0,11.0
155,2020-06-06,0.0,6.0
156,2020-06-07,0.0,9.0
157,2020-06-08,0.0,5.0
158,2020-06-09,0.0,4.0
159,2020-06-10,0.0,3.0
160,2020-06-11,0.0,11.0
161,2020-06-12,0.0,7.0
162,2020-06-13,0.0,12.0
163,2020-06-14,0.0,58.0
164,2020-06-15,0.0,49.0
165,2020-06-16,0.0,45.0
166,2020-06-17,0.0,44.0
167,2020-06-18,0.0,36.0
168,2020-06-19,0.0,37.0
169,2020-06-20,0.0,30.0
170,2020-06-21,0.14285714285714285,27.0
171,2020-06-22,0.14285714285714285,21.0
172,2020-06-23,0.14285714285714285,52.0
173,2020-06-24,0.2857142857142857,28.0
174,2020-06-25,0.2857142857142857,21.0
175,2020-06-26,0.42857142857142855,29.0
176,2020-06-27,0.42857142857142855,24.0
177,2020-06-28,0.2857142857142857,18.0
178,2020-06-29,0.2857142857142857,14.0
179,2020-06-30,0.2857142857142857,23.0
180,2020-07-01,0.14285714285714285,5.0
181,2020-07-02,0.14285714285714285,31.0
182,2020-07-03,0.0,15.0
183,2020-07-04,0.0,9.0
184,2020-07-05,0.0,19.0
185,2020-07-06,0.0,14.0
186,2020-07-07,0.0,25.0
187,2020-07-08,0.0,21.0
188,2020-07-09,0.0,33.0
189,2020-07-10,0.0,46.0
190,2020-07-11,0.0,42.0
191,2020-07-12,0.0,35.0
192,2020-07-13,0.0,46.0
193,2020-07-14,0.14285714285714285,55.0
194,2020-07-15,0.14285714285714285,54.0
195,2020-07-16,0.42857142857142855,20.0
196,2020-07-17,0.42857142857142855,78.0
197,2020-07-18,0.5714285714285714,82.0
198,2020-07-19,0.7142857142857143,80.0
199,2020-07-20,0.7142857142857143,131.0
200,2020-07-21,0.5714285714285714,84.0
201,2020-07-22,0.8571428571428571,74.0
202,2020-07-23,0.5714285714285714,135.0
203,2020-07-24,0.7142857142857143,139.0
204,2020-07-25,0.7142857142857143,160.0
205,2020-07-26,0.8571428571428571,179.0
206,2020-07-27,0.8571428571428571,189.0
207,2020-07-28,1.4285714285714286,217.0
208,2020-07-29,1.2857142857142858,212.0
209,2020-07-30,1.4285714285714286,223.0
210,2020-07-31,1.4285714285714286,276.0
211,2020-08-01,1.5714285714285714,166.0
212,2020-08-02,2.142857142857143,180.0
213,2020-08-03,2.5714285714285716,158.0
214,2020-08-04,2.142857142857143,114.0
215,2020-08-05,2.7142857142857144,108.0
216,2020-08-06,2.7142857142857144,122.0
217,2020-08-07,3.0,133.0
218,2020-08-08,2.857142857142857,120.0
219,2020-08-09,2.0,92.0
220,2020-08-10,2.2857142857142856,121.0
221,2020-08-11,2.5714285714285716,113.0
222,2020-08-12,2.2857142857142856,61.0
223,2020-08-13,2.857142857142857,82.0
224,2020-08-14,2.857142857142857,99.0
225,2020-08-15,2.857142857142857,70.0
226,2020-08-16,3.142857142857143,66.0
227,2020-08-17,2.4285714285714284,98.0
228,2020-08-18,2.0,67.0
229,2020-08-19,1.8571428571428572,54.0
230,2020-08-20,1.2857142857142858,33.0
231,2020-08-21,1.2857142857142858,40.0
232,2020-08-22,1.1428571428571428,50.0
233,2020-08-23,1.0,38.0
234,2020-08-24,1.1428571428571428,41.0
235,2020-08-25,1.1428571428571428,23.0
236,2020-08-26,1.0,34.0
237,2020-08-27,1.0,32.0
238,2020-08-28,0.8571428571428571,30.0
239,2020-08-29,1.2857142857142858,22.0
240,2020-08-30,1.5714285714285714,28.0
241,2020-08-31,1.5714285714285714,32.0
242,2020-09-01,1.7142857142857142,19.0
243,2020-09-02,1.7142857142857142,20.0
244,2020-09-03,2.0,20.0
245,2020-09-04,1.8571428571428572,33.0
246,2020-09-05,1.4285714285714286,23.0
247,2020-09-06,1.0,19.0
248,2020-09-07,1.1428571428571428,34.0
249,2020-09-08,1.2857142857142858,22.0
250,2020-09-09,1.2857142857142858,9.0
251,2020-09-10,0.8571428571428571,13.0
252,2020-09-11,0.7142857142857143,28.0
253,2020-09-12,0.7142857142857143,20.0
254,2020-09-13,0.8571428571428571,23.0
255,2020-09-14,0.5714285714285714,29.0
256,2020-09-15,0.42857142857142855,23.0
257,2020-09-16,0.42857142857142855,16.0
258,2020-09-17,0.42857142857142855,19.0
259,2020-09-18,0.42857142857142855,44.0
260,2020-09-19,0.5714285714285714,17.0
261,2020-09-20,0.42857142857142855,26.0
262,2020-09-21,0.42857142857142855,36.0
263,2020-09-22,0.2857142857142857,14.0
264,2020-09-23,0.14285714285714285,18.0
265,2020-09-24,0.2857142857142857,10.0
266,2020-09-25,0.2857142857142857,15.0
267,2020-09-26,0.2857142857142857,18.0
268,2020-09-27,0.2857142857142857,15.0
269,2020-09-28,0.2857142857142857,27.0
270,2020-09-29,0.2857142857142857,25.0
271,2020-09-30,0.2857142857142857,23.0
272,2020-10-01,0.14285714285714285,20.0
273,2020-10-02,0.14285714285714285,21.0
274,2020-10-03,0.0,19.0
275,2020-10-04,0.0,20.0
276,2020-10-05,0.0,25.0
277,2020-10-06,0.0,24.0
278,2020-10-07,0.0,18.0
279,2020-10-08,0.0,24.0
280,2020-10-09,0.0,40.0
281,2020-10-10,0.0,26.0
282,2020-10-11,0.0,27.0
283,2020-10-12,0.0,28.0
284,2020-10-13,0.0,26.0
285,2020-10-14,0.0,28.0
286,2020-10-15,0.0,11.0
287,2020-10-16,0.0,37.0
288,2020-10-17,0.0,24.0
289,2020-10-18,0.0,30.0
290,2020-10-19,0.0,17.0
291,2020-10-20,0.0,39.0
292,2020-10-21,0.0,19.0
293,2020-10-22,0.0,23.0
294,2020-10-23,0.0,33.0
295,2020-10-24,0.0,32.0
296,2020-10-25,0.0,22.0
297,2020-10-26,0.0,26.0
298,2020-10-27,0.0,24.0
299,2020-10-28,0.0,47.0
300,2020-10-29,0.0,50.0
301,2020-10-30,0.0,31.0
302,2020-10-31,0.0,41.0
303,2020-11-01,0.0,28.0
304,2020-11-02,0.0,34.0
305,2020-11-03,0.0,60.0
306,2020-11-04,0.0,30.0
307,2020-11-05,0.14285714285714285,32.0
308,2020-11-06,0.2857142857142857,44.0
309,2020-11-07,0.2857142857142857,43.0
310,2020-11-08,0.2857142857142857,31.0
311,2020-11-09,0.2857142857142857,47.0
312,2020-11-10,0.2857142857142857,29.0
313,2020-11-11,0.42857142857142855,28.0
314,2020-11-12,0.2857142857142857,37.0
315,2020-11-13,0.14285714285714285,36.0
316,2020-11-14,0.14285714285714285,32.0
317,2020-11-15,0.14285714285714285,24.0
318,2020-11-16,0.14285714285714285,24.0
319,2020-11-17,0.14285714285714285,24.0
320,2020-11-18,0.0,14.0
321,2020-11-19,0.0,23.0
322,2020-11-20,0.0,31.0
323,2020-11-21,0.0,44.0
324,2020-11-22,0.0,60.0
325,2020-11-23,0.0,85.0
326,2020-11-24,0.0,96.0
327,2020-11-25,0.0,85.0
328,2020-11-26,0.0,111.0
329,2020-11-27,0.0,88.0
330,2020-11-28,0.0,112.0
331,2020-11-29,0.14285714285714285,104.0
332,2020-11-30,0.14285714285714285,136.0
333,2020-12-01,0.14285714285714285,112.0
334,2020-12-02,0.14285714285714285,91.0
335,2020-12-03,0.2857142857142857,129.0
336,2020-12-04,0.42857142857142855,108.0
337,2020-12-05,0.5714285714285714,133.0
338,2020-12-06,0.42857142857142855,122.0
339,2020-12-07,0.42857142857142855,133.0
340,2020-12-08,0.42857142857142855,90.0
341,2020-12-09,0.42857142857142855,117.0
342,2020-12-10,0.5714285714285714,118.0
343,2020-12-11,0.42857142857142855,131.0
344,2020-12-12,0.2857142857142857,100.0
345,2020-12-13,0.42857142857142855,101.0
346,2020-12-14,0.7142857142857143,114.0
347,2020-12-15,1.1428571428571428,103.0
348,2020-12-16,1.5714285714285714,112.0
349,2020-12-17,1.2857142857142858,96.0
350,2020-12-18,1.5714285714285714,116.0
351,2020-12-19,2.142857142857143,89.0
352,2020-12-20,2.0,136.0
353,2020-12-21,1.8571428571428572,100.0
354,2020-12-22,1.5714285714285714,100.0
355,2020-12-23,1.2857142857142858,82.0
356,2020-12-24,1.4285714285714286,76.0
357,2020-12-25,1.4285714285714286,85.0
358,2020-12-26,1.0,81.0
359,2020-12-27,1.0,84.0
360,2020-12-28,1.0,93.0
361,2020-12-29,1.4285714285714286,96.0
362,2020-12-30,1.5714285714285714,79.0
363,2020-12-31,2.0,81.0
364,2021-01-01,1.8571428571428572,89.0
365,2021-01-02,1.8571428571428572,67.0
366,2021-01-03,2.0,65.0
367,2021-01-04,1.8571428571428572,78.0
368,2021-01-05,1.7142857142857142,89.0
369,2021-01-06,1.4285714285714286,66.0
370,2021-01-07,1.0,90.0
371,2021-01-08,0.8571428571428571,89.0
372,2021-01-09,0.8571428571428571,81.0
373,2021-01-10,1.0,131.0
374,2021-01-11,1.1428571428571428,134.0
375,2021-01-12,0.8571428571428571,102.0
376,2021-01-13,1.0,179.0
377,2021-01-14,1.1428571428571428,184.0
378,2021-01-15,1.1428571428571428,173.0
379,2021-01-16,1.0,169.0
380,2021-01-17,0.8571428571428571,166.0
381,2021-01-18,0.7142857142857143,169.0
382,2021-01-19,0.7142857142857143,232.0
383,2021-01-20,0.8571428571428571,165.0
384,2021-01-21,0.7142857142857143,223.0
385,2021-01-22,0.8571428571428571,175.0
386,2021-01-23,1.0,178.0
387,2021-01-24,0.8571428571428571,164.0
388,2021-01-25,1.0,205.0
389,2021-01-26,1.2857142857142858,155.0
390,2021-01-27,1.2857142857142858,140.0
391,2021-01-28,1.4285714285714286,117.0
392,2021-01-29,1.5714285714285714,93.0
393,2021-01-30,1.5714285714285714,106.0
394,2021-01-31,1.8571428571428572,130.0
395,2021-02-01,2.0,97.0
396,2021-02-02,1.7142857142857142,65.0
397,2021-02-03,1.7142857142857142,53.0
398,2021-02-04,1.5714285714285714,51.0
399,2021-02-05,1.5714285714285714,44.0
400,2021-02-06,1.4285714285714286,54.0
401,2021-02-07,1.1428571428571428,31.0
402,2021-02-08,0.8571428571428571,44.0
403,2021-02-09,0.7142857142857143,47.0
404,2021-02-10,0.7142857142857143,45.0
405,2021-02-11,0.7142857142857143,21.0
406,2021-02-12,0.7142857142857143,34.0
407,2021-02-13,0.8571428571428571,33.0
408,2021-02-14,1.0,19.0
409,2021-02-15,1.0,21.0
410,2021-02-16,1.0,25.0
411,2021-02-17,1.0,15.0
412,2021-02-18,1.1428571428571428,28.0
413,2021-02-19,0.8571428571428571,20.0
414,2021-02-20,0.7142857142857143,22.0
415,2021-02-21,0.5714285714285714,23.0
416,2021-02-22,0.5714285714285714,31.0
417,2021-02-23,0.5714285714285714,26.0
418,2021-02-24,0.2857142857142857,24.0
419,2021-02-25,0.14285714285714285,28.0
420,2021-02-26,0.14285714285714285,24.0
421,2021-02-27,0.14285714285714285,34.0
422,2021-02-28,0.14285714285714285,42.0
423,2021-03-01,0.2857142857142857,42.0
424,2021-03-02,0.42857142857142855,25.0
425,2021-03-03,0.42857142857142855,23.0
426,2021-03-04,0.2857142857142857,27.0
427,2021-03-05,0.42857142857142855,20.0
428,2021-03-06,0.42857142857142855,21.0
429,2021-03-07,0.7142857142857143,28.0
430,2021-03-08,0.5714285714285714,37.0
431,2021-03-09,0.42857142857142855,24.0
432,2021-03-10,0.42857142857142855,27.0
433,2021-03-11,0.5714285714285714,20.0
434,2021-03-12,0.42857142857142855,31.0
435,2021-03-13,0.42857142857142855,73.0
436,2021-03-14,0.14285714285714285,57.0
437,2021-03-15,0.14285714285714285,30.0
438,2021-03-16,0.14285714285714285,48.0
439,2021-03-17,0.14285714285714285,22.0
440,2021-03-18,0.0,17.0
441,2021-03-19,0.0,29.0
442,2021-03-20,0.0,23.0
443,2021-03-21,0.0,21.0
444,2021-03-22,0.0,16.0
445,2021-03-23,0.0,27.0
446,2021-03-24,0.14285714285714285,23.0
447,2021-03-25,0.14285714285714285,23.0
448,2021-03-26,0.14285714285714285,23.0
449,2021-03-27,0.2857142857142857,24.0
450,2021-03-28,0.2857142857142857,21.0
451,2021-03-29,0.2857142857142857,18.0
452,2021-03-30,0.2857142857142857,17.0
453,2021-03-31,0.14285714285714285,19.0
454,2021-04-01,0.14285714285714285,28.0
455,2021-04-02,0.14285714285714285,28.0
456,2021-04-03,0.0,48.0
457,2021-04-04,0.0,29.0
458,2021-04-05,0.0,41.0
459,2021-04-06,0.0,41.0
460,2021-04-07,0.0,21.0
461,2021-04-08,0.0,33.0
462,2021-04-09,0.0,31.0
463,2021-04-10,0.2857142857142857,32.0
464,2021-04-11,0.2857142857142857,17.0
465,2021-04-12,0.42857142857142855,30.0
466,2021-04-13,0.42857142857142855,23.0
467,2021-04-14,0.5714285714285714,29.0
468,2021-04-15,0.7142857142857143,20.0
469,2021-04-16,0.7142857142857143,18.0
470,2021-04-17,0.42857142857142855,34.0
471,2021-04-18,0.42857142857142855,36.0
472,2021-04-19,0.2857142857142857,42.0
473,2021-04-20,0.2857142857142857,25.0
474,2021-04-21,0.14285714285714285,31.0
475,2021-04-22,0.0,11.0
476,2021-04-23,0.0,37.0
477,2021-04-24,0.0,22.0
478,2021-04-25,0.0,23.0
479,2021-04-26,0.14285714285714285,20.0
480,2021-04-27,0.14285714285714285,19.0
481,2021-04-28,0.14285714285714285,26.0
482,2021-04-29,0.14285714285714285,33.0
483,2021-04-30,0.14285714285714285,33.0
484,2021-05-01,0.14285714285714285,27.0
485,2021-05-02,0.2857142857142857,27.0
486,2021-05-03,0.14285714285714285,18.0
487,2021-05-04,0.14285714285714285,27.0
488,2021-05-05,0.14285714285714285,19.0
489,2021-05-06,0.14285714285714285,18.0
490,2021-05-07,0.14285714285714285,28.0
491,2021-05-08,0.14285714285714285,14.0
492,2021-05-09,0.0,22.0
493,2021-05-10,0.0,13.0
494,2021-05-11,0.0,33.0
495,2021-05-12,0.0,28.0
496,2021-05-13,0.0,32.0
497,2021-05-14,0.0,35.0
498,2021-05-15,0.0,49.0
499,2021-05-16,0.0,206.0
500,2021-05-17,0.0,234.0
501,2021-05-18,0.0,357.0
502,2021-05-19,0.2857142857142857,258.0
503,2021-05-20,0.2857142857142857,286.0
504,2021-05-21,0.42857142857142855,319.0
505,2021-05-22,0.42857142857142855,326.0
506,2021-05-23,0.7142857142857143,742.0
507,2021-05-24,1.5714285714285714,474.0
508,2021-05-25,2.4285714285714284,611.0
509,2021-05-26,3.0,558.0
510,2021-05-27,4.571428571428571,654.0
511,2021-05-28,6.285714285714286,678.0
512,2021-05-29,9.0,572.0
513,2021-05-30,11.714285714285714,504.0
514,2021-05-31,12.285714285714286,382.0
515,2021-06-01,13.571428571428571,377.0
516,2021-06-02,14.571428571428571,361.0
517,2021-06-03,14.714285714285714,573.0
518,2021-06-04,15.285714285714286,609.0
519,2021-06-05,15.571428571428571,498.0
520,2021-06-06,17.857142857142858,541.0
521,2021-06-07,21.571428571428573,562.0
522,2021-06-08,23.142857142857142,24.0
523,2021-06-09,24.428571428571427,237.0
524,2021-06-10,26.285714285714285,289.0
525,2021-06-11,27.857142857142858,281.0
526,2021-06-12,28.285714285714285,317.0
527,2021-06-13,26.714285714285715,288.0
528,2021-06-14,25.285714285714285,198.0
529,2021-06-15,23.714285714285715,206.0
530,2021-06-16,21.714285714285715,156.0
531,2021-06-17,20.714285714285715,190.0
532,2021-06-18,19.428571428571427,197.0
533,2021-06-19,19.0,219.0
534,2021-06-20,18.142857142857142,152.0
535,2021-06-21,16.0,127.0
536,2021-06-22,16.714285714285715,101.0
537,2021-06-23,16.428571428571427,109.0
538,2021-06-24,17.285714285714285,121.0
539,2021-06-25,15.428571428571429,161.0
540,2021-06-26,13.142857142857142,105.0
541,2021-06-27,12.142857142857142,96.0
542,2021-06-28,11.857142857142858,117.0
543,2021-06-29,9.428571428571429,81.0
544,2021-06-30,9.857142857142858,64.0
545,2021-07-01,7.142857142857143,69.0
546,2021-07-02,8.142857142857142,72.0
547,2021-07-03,9.571428571428571,92.0
548,2021-07-04,9.142857142857142,96.0
549,2021-07-05,8.142857142857142,64.0
550,2021-07-06,8.0,53.0
551,2021-07-07,9.142857142857142,87.0
552,2021-07-08,9.714285714285714,58.0
553,2021-07-09,8.285714285714286,47.0
554,2021-07-10,7.857142857142857,63.0
555,2021-07-11,7.285714285714286,58.0
556,2021-07-12,7.571428571428571,59.0
557,2021-07-13,7.428571428571429,53.0
558,2021-07-14,5.857142857142857,53.0
559,2021-07-15,5.428571428571429,58.0
560,2021-07-16,5.857142857142857,54.0
561,2021-07-17,4.714285714285714,63.0
562,2021-07-18,4.0,45.0
563,2021-07-19,4.0,51.0
564,2021-07-20,4.0,86.0
565,2021-07-21,3.7142857142857144,53.0
566,2021-07-22,3.5714285714285716,81.0
567,2021-07-23,3.2857142857142856,82.0
568,2021-07-24,3.0,61.0
569,2021-07-25,3.142857142857143,59.0
570,2021-07-26,2.5714285714285716,93.0
571,2021-07-27,2.4285714285714284,82.0
572,2021-07-28,2.0,104.0
573,2021-07-29,1.2857142857142858,70.0
574,2021-07-30,0.7142857142857143,84.0
575,2021-07-31,0.42857142857142855,82.0
576,2021-08-01,0.14285714285714285,87.0
577,2021-08-02,0.42857142857142855,115.0
578,2021-08-03,0.42857142857142855,107.0
579,2021-08-04,0.5714285714285714,123.0
580,2021-08-05,0.5714285714285714,108.0
581,2021-08-06,0.5714285714285714,141.0
582,2021-08-07,1.0,121.0
583,2021-08-08,2.7142857142857144,113.0
584,2021-08-09,2.857142857142857,134.0
585,2021-08-10,3.4285714285714284,153.0
586,2021-08-11,3.2857142857142856,123.0
587,2021-08-12,3.5714285714285716,98.0
588,2021-08-13,3.7142857142857144,110.0
589,2021-08-14,3.5714285714285716,87.0
590,2021-08-15,2.142857142857143,62.0
591,2021-08-16,1.7142857142857142,61.0
592,2021-08-17,1.1428571428571428,55.0
593,2021-08-18,1.0,49.0
594,2021-08-19,0.7142857142857143,60.0
595,2021-08-20,1.2857142857142858,44.0
596,2021-08-21,1.1428571428571428,31.0
597,2021-08-22,1.0,45.0
598,2021-08-23,1.0,36.0
599,2021-08-24,1.0,46.0
600,2021-08-25,1.1428571428571428,33.0
601,2021-08-26,1.2857142857142858,32.0
602,2021-08-27,0.8571428571428571,43.0
603,2021-08-28,0.8571428571428571,45.0
604,2021-08-29,0.7142857142857143,45.0
605,2021-08-30,0.8571428571428571,53.0
606,2021-08-31,0.8571428571428571,48.0
607,2021-09-01,0.8571428571428571,25.0
608,2021-09-02,0.8571428571428571,35.0
609,2021-09-03,0.7142857142857143,28.0
610,2021-09-04,0.5714285714285714,38.0
611,2021-09-05,0.5714285714285714,30.0
612,2021-09-06,0.42857142857142855,32.0
613,2021-09-07,0.42857142857142855,54.0
614,2021-09-08,0.2857142857142857,37.0
615,2021-09-09,0.14285714285714285,39.0
616,2021-09-10,0.14285714285714285,25.0
617,2021-09-11,0.2857142857142857,37.0
618,2021-09-12,0.2857142857142857,55.0
619,2021-09-13,0.2857142857142857,66.0
620,2021-09-14,0.42857142857142855,98.0
621,2021-09-15,0.42857142857142855,80.0
622,2021-09-16,0.42857142857142855,86.0
623,2021-09-17,0.2857142857142857,96.0
624,2021-09-18,0.14285714285714285,57.0
625,2021-09-19,0.14285714285714285,77.0
626,2021-09-20,0.2857142857142857,64.0
627,2021-09-21,0.14285714285714285,83.0
628,2021-09-22,0.14285714285714285,47.0
629,2021-09-23,0.2857142857142857,51.0
630,2021-09-24,0.2857142857142857,65.0
631,2021-09-25,0.2857142857142857,53.0
632,2021-09-26,0.2857142857142857,43.0
633,2021-09-27,0.14285714285714285,51.0
634,2021-09-28,0.2857142857142857,43.0
635,2021-09-29,0.2857142857142857,53.0
636,2021-09-30,0.14285714285714285,38.0
637,2021-10-01,0.14285714285714285,44.0
638,2021-10-02,0.2857142857142857,56.0
639,2021-10-03,0.2857142857142857,43.0
640,2021-10-04,0.2857142857142857,33.0
641,2021-10-05,0.2857142857142857,38.0
642,2021-10-06,0.2857142857142857,41.0
643,2021-10-07,0.2857142857142857,36.0
644,2021-10-08,0.2857142857142857,34.0
645,2021-10-09,0.2857142857142857,33.0
646,2021-10-10,0.42857142857142855,36.0
647,2021-10-11,0.42857142857142855,32.0
648,2021-10-12,0.2857142857142857,30.0
649,2021-10-13,0.2857142857142857,30.0
650,2021-10-14,0.2857142857142857,28.0
651,2021-10-15,0.2857142857142857,19.0
652,2021-10-16,0.14285714285714285,27.0
653,2021-10-17,0.0,37.0
654,2021-10-18,0.0,28.0
655,2021-10-19,0.0,30.0
656,2021-10-20,0.0,38.0
657,2021-10-21,0.0,29.0
658,2021-10-22,0.0,51.0
659,2021-10-23,0.0,60.0
660,2021-10-24,0.0,56.0
661,2021-10-25,0.0,47.0
662,2021-10-26,0.14285714285714285,55.0
663,2021-10-27,0.14285714285714285,66.0
664,2021-10-28,0.14285714285714285,52.0
665,2021-10-29,0.14285714285714285,72.0
666,2021-10-30,0.14285714285714285,88.0
667,2021-10-31,0.14285714285714285,81.0
668,2021-11-01,0.14285714285714285,99.0
669,2021-11-02,0.0,77.0
670,2021-11-03,0.0,115.0
671,2021-11-04,0.0,114.0
672,2021-11-05,0.0,87.0
673,2021-11-06,0.0,63.0
674,2021-11-07,0.0,82.0
675,2021-11-08,0.0,94.0
676,2021-11-09,0.0,65.0
677,2021-11-10,0.14285714285714285,61.0
678,2021-11-11,0.14285714285714285,72.0
679,2021-11-12,0.14285714285714285,110.0
680,2021-11-13,0.14285714285714285,86.0
681,2021-11-14,0.14285714285714285,95.0
682,2021-11-15,0.14285714285714285,61.0
683,2021-11-16,0.14285714285714285,37.0
684,2021-11-17,0.0,34.0
685,2021-11-18,0.0,43.0
686,2021-11-19,0.0,31.0
687,2021-11-20,0.0,34.0
688,2021-11-21,0.0,24.0
689,2021-11-22,0.0,49.0
690,2021-11-23,0.0,25.0
691,2021-11-24,0.0,35.0
692,2021-11-25,0.0,30.0
693,2021-11-26,0.0,29.0
694,2021-11-27,0.0,41.0
695,2021-11-28,0.0,38.0
696,2021-11-29,0.0,54.0
697,2021-11-30,0.0,50.0
698,2021-12-01,0.0,124.0
699,2021-12-02,0.0,84.0
700,2021-12-03,0.0,119.0
701,2021-12-04,0.0,104.0
702,2021-12-05,0.0,74.0
703,2021-12-06,0.0,74.0
704,2021-12-07,0.0,109.0
705,2021-12-08,0.0,100.0
706,2021-12-09,0.0,88.0
707,2021-12-10,0.0,87.0
708,2021-12-11,0.0,107.0
709,2021-12-12,0.0,86.0
710,2021-12-13,0.0,112.0
711,2021-12-14,0.0,83.0
712,2021-12-15,0.0,82.0
713,2021-12-16,0.14285714285714285,85.0
714,2021-12-17,0.14285714285714285,98.0
715,2021-12-18,0.14285714285714285,147.0
716,2021-12-19,0.14285714285714285,101.0
717,2021-12-20,0.2857142857142857,116.0
718,2021-12-21,0.2857142857142857,99.0
719,2021-12-22,0.2857142857142857,95.0
720,2021-12-23,0.14285714285714285,121.0
721,2021-12-24,0.14285714285714285,102.0
722,2021-12-25,0.14285714285714285,165.0
723,2021-12-26,0.14285714285714285,249.0
724,2021-12-27,0.0,233.0
725,2021-12-28,0.0,235.0
726,2021-12-29,0.0,222.0
727,2021-12-30,0.0,233.0
728,2021-12-31,0.0,232.0
729,2022-01-01,0.0,291.0
730,2022-01-02,0.0,230.0
731,2022-01-03,0.0,207.0
732,2022-01-04,0.0,229.0
733,2022-01-05,0.0,164.0
734,2022-01-06,0.0,253.0
735,2022-01-07,0.0,250.0
736,2022-01-08,0.0,252.0
737,2022-01-09,0.0,246.0
738,2022-01-10,0.0,249.0
739,2022-01-11,0.0,248.0
740,2022-01-12,0.0,312.0
741,2022-01-13,0.0,308.0
742,2022-01-14,0.14285714285714285,280.0
743,2022-01-15,0.14285714285714285,241.0
744,2022-01-16,0.14285714285714285,202.0
745,2022-01-17,0.14285714285714285,285.0
746,2022-01-18,0.14285714285714285,243.0
747,2022-01-19,0.14285714285714285,171.0
748,2022-01-20,0.14285714285714285,135.0
749,2022-01-21,0.0,124.0
750,2022-01-22,0.0,154.0
751,2022-01-23,0.0,210.0
752,2022-01-24,0.0,286.0
753,2022-01-25,0.0,232.0
754,2022-01-26,0.0,175.0
755,2022-01-27,0.0,261.0
756,2022-01-28,0.0,295.0
757,2022-01-29,0.0,238.0
758,2022-01-30,0.0,248.0
759,2022-01-31,0.0,193.0
760,2022-02-01,0.0,213.0
761,2022-02-02,0.0,252.0
762,2022-02-03,0.0,207.0
763,2022-02-04,0.0,227.0
764,2022-02-05,0.0,229.0
765,2022-02-06,0.0,466.0
766,2022-02-07,0.0,463.0
767,2022-02-08,0.0,767.0
768,2022-02-09,0.0,783.0
769,2022-02-10,0.2857142857142857,1244.0
770,2022-02-11,0.42857142857142855,1170.0
771,2022-02-12,0.42857142857142855,1503.0
772,2022-02-13,0.8571428571428571,1641.0
773,2022-02-14,0.8571428571428571,1483.0
774,2022-02-15,1.1428571428571428,2205.0
775,2022-02-16,1.7142857142857142,1765.0
776,2022-02-17,1.8571428571428572,4441.0
777,2022-02-18,3.2857142857142856,6271.0
778,2022-02-19,6.285714285714286,3833.0
779,2022-02-20,8.285714285714286,6331.0
780,2022-02-21,10.0,6281.0
781,2022-02-22,11.428571428571429,7720.0
782,2022-02-23,16.0,6460.0
783,2022-02-24,22.571428571428573,8916.0
784,2022-02-25,26.714285714285715,9103.0
785,2022-02-26,34.142857142857146,38163.0
786,2022-02-27,43.142857142857146,23704.0
787,2022-02-28,53.142857142857146,26321.0
788,2022-03-01,63.57142857142857,34722.0
789,2022-03-02,93.57142857142857,32865.0
790,2022-03-03,112.0,55617.0
791,2022-03-04,134.57142857142858,57192.0
792,2022-03-05,151.0,52868.0
793,2022-03-06,171.0,37938.0
794,2022-03-07,192.57142857142858,31378.0
795,2022-03-08,220.42857142857142,25504.0
796,2022-03-09,226.85714285714286,28865.0
797,2022-03-10,243.0,26596.0
798,2022-03-11,254.85714285714286,25027.0
799,2022-03-12,270.0,19558.0
800,2022-03-13,279.2857142857143,17788.0
801,2022-03-14,283.7142857142857,14835.0
802,2022-03-15,284.57142857142856,15717.0
803,2022-03-16,284.2857142857143,13947.0
804,2022-03-17,282.57142857142856,15861.0
805,2022-03-18,283.7142857142857,11180.0
806,2022-03-19,279.57142857142856,10269.0
807,2022-03-20,274.42857142857144,9391.0
808,2022-03-21,272.14285714285717,8024.0
809,2022-03-22,263.14285714285717,6958.0
810,2022-03-23,256.85714285714283,7052.0
811,2022-03-24,246.28571428571428,6401.0
812,2022-03-25,233.71428571428572,7237.0
813,2022-03-26,223.28571428571428,6049.0
814,2022-03-27,207.57142857142858,5241.0
815,2022-03-28,193.71428571428572,5033.0
816,2022-03-29,185.85714285714286,4647.0
817,2022-03-30,172.42857142857142,4889.0
818,2022-03-31,162.42857142857142,4995.0
819,2022-04-01,150.71428571428572,4925.0
820,2022-04-02,140.42857142857142,5108.0
821,2022-04-03,137.14285714285714,4195.0
822,2022-04-04,131.42857142857142,3517.0
823,2022-04-05,120.28571428571429,3097.0
824,2022-04-06,111.14285714285714,3354.0
825,2022-04-07,107.71428571428571,3171.0
826,2022-04-08,104.57142857142857,3475.0
827,2022-04-09,99.71428571428571,3079.0
828,2022-04-10,92.14285714285714,2826.0
829,2022-04-11,85.57142857142857,2646.0
830,2022-04-12,80.85714285714286,2600.0
831,2022-04-13,76.85714285714286,2868.0
832,2022-04-14,69.85714285714286,4687.0
833,2022-04-15,63.714285714285715,5046.0
834,2022-04-16,61.0,5650.0
835,2022-04-17,57.857142857142854,5326.0
836,2022-04-18,53.142857142857146,4490.0
837,2022-04-19,48.857142857142854,5108.0
838,2022-04-20,44.142857142857146,4803.0
839,2022-04-21,37.857142857142854,5651.0
840,2022-04-22,35.42857142857143,5508.0
841,2022-04-23,29.714285714285715,7129.0
842,2022-04-24,30.714285714285715,6034.0
843,2022-04-25,35.285714285714285,8070.0
844,2022-04-26,41.42857142857143,7383.0
845,2022-04-27,45.57142857142857,8361.0
846,2022-04-28,51.142857142857146,10639.0
847,2022-04-29,54.285714285714285,17382.0
848,2022-04-30,59.0,13927.0
849,2022-05-01,59.42857142857143,16227.0
850,2022-05-02,56.0,18064.0
851,2022-05-03,50.0,18357.0
852,2022-05-04,46.142857142857146,23622.0
853,2022-05-05,41.0,28850.0
854,2022-05-06,35.714285714285715,30628.0
855,2022-05-07,32.0,36540.0
856,2022-05-08,27.428571428571427,44907.0
857,2022-05-09,25.285714285714285,44817.0
858,2022-05-10,24.0,40772.0
859,2022-05-11,23.428571428571427,51206.0
860,2022-05-12,22.714285714285715,57553.0
861,2022-05-13,22.428571428571427,65881.0
862,2022-05-14,24.0,65326.0
863,2022-05-15,27.571428571428573,64346.0
864,2022-05-16,27.428571428571427,68993.0
865,2022-05-17,29.0,62011.0
866,2022-05-18,31.428571428571427,65965.0
867,2022-05-19,35.714285714285715,84737.0
868,2022-05-20,41.42857142857143,90656.0
869,2022-05-21,42.714285714285715,86063.0
870,2022-05-22,45.285714285714285,84865.0
871,2022-05-23,49.57142857142857,79754.0
872,2022-05-24,51.142857142857146,66477.0
873,2022-05-25,51.285714285714285,82613.0
874,2022-05-26,56.0,89607.0
875,2022-05-27,62.714285714285715,82120.0
876,2022-05-28,73.14285714285714,94753.0
877,2022-05-29,82.57142857142857,81043.0
878,2022-05-30,95.57142857142857,76727.0
879,2022-05-31,105.57142857142857,60201.0
880,2022-06-01,112.42857142857143,80809.0
881,2022-06-02,118.71428571428571,88425.0
882,2022-06-03,124.14285714285714,77134.0
883,2022-06-04,126.57142857142857,76786.0
884,2022-06-05,130.0,68350.0
885,2022-06-06,127.57142857142857,62264.0
886,2022-06-07,133.28571428571428,53254.0
887,2022-06-08,138.57142857142858,83172.0
888,2022-06-09,143.71428571428572,80429.0
889,2022-06-10,153.28571428571428,73344.0
890,2022-06-11,163.14285714285714,68663.0
891,2022-06-12,171.57142857142858,80020.0
892,2022-06-13,176.57142857142858,51100.0
893,2022-06-14,170.57142857142858,45459.0
894,2022-06-15,170.14285714285714,66651.0
895,2022-06-16,168.0,69470.0
896,2022-06-17,161.71428571428572,63761.0
897,2022-06-18,153.28571428571428,55742.0
898,2022-06-19,149.14285714285714,54218.0
899,2022-06-20,150.71428571428572,51168.0
900,2022-06-21,155.85714285714286,36182.0
901,2022-06-22,154.57142857142858,56939.0
902,2022-06-23,158.57142857142858,52951.0
903,2022-06-24,158.42857142857142,49053.0
904,2022-06-25,158.14285714285714,46513.0
905,2022-06-26,153.71428571428572,41120.0
906,2022-06-27,148.0,40425.0
907,2022-06-28,140.28571428571428,29337.0
908,2022-06-29,138.71428571428572,45012.0
909,2022-06-30,126.28571428571429,43135.0
910,2022-07-01,119.57142857142857,39947.0
911,2022-07-02,115.28571428571429,36825.0
912,2022-07-03,107.85714285714286,35765.0
913,2022-07-04,101.57142857142857,33327.0
914,2022-07-05,98.42857142857143,23676.0
915,2022-07-06,98.28571428571429,37114.0
916,2022-07-07,99.85714285714286,35862.0
917,2022-07-08,97.85714285714286,32694.0
918,2022-07-09,99.57142857142857,31728.0
919,2022-07-10,98.85714285714286,29514.0
920,2022-07-11,96.42857142857143,29355.0
921,2022-07-12,101.28571428571429,20500.0
922,2022-07-13,95.42857142857143,32669.0
923,2022-07-14,89.14285714285714,31582.0
924,2022-07-15,87.42857142857143,29359.0
925,2022-07-16,85.28571428571429,27035.0
926,2022-07-17,82.28571428571429,27055.0
927,2022-07-18,82.85714285714286,25967.0
928,2022-07-19,75.42857142857143,19637.0
929,2022-07-20,72.42857142857143,28719.0
930,2022-07-21,73.28571428571429,29052.0
931,2022-07-22,71.0,27138.0
932,2022-07-23,67.14285714285714,25909.0
933,2022-07-24,65.28571428571429,24268.0
934,2022-07-25,64.71428571428571,23618.0
935,2022-07-26,65.42857142857143,18896.0
936,2022-07-27,65.71428571428571,27038.0
937,2022-07-28,62.857142857142854,27755.0
938,2022-07-29,61.285714285714285,26089.0
939,2022-07-30,57.0,25285.0
940,2022-07-31,57.57142857142857,23322.0
941,2022-08-01,52.142857142857146,22895.0
942,2022-08-02,50.142857142857146,18367.0
943,2022-08-03,50.0,25279.0
944,2022-08-04,49.714285714285715,25929.0
945,2022-08-05,48.57142857142857,25115.0
946,2022-08-06,48.0,23802.0
947,2022-08-07,38.857142857142854,21953.0
948,2022-08-08,48.42857142857143,24043.0
949,2022-08-09,47.142857142857146,17411.0
950,2022-08-10,44.142857142857146,25747.0
951,2022-08-11,43.142857142857146,26401.0
952,2022-08-12,41.142857142857146,25082.0
953,2022-08-13,37.857142857142854,24111.0
954,2022-08-14,44.0,23901.0
955,2022-08-15,33.0,23581.0
956,2022-08-16,32.0,18103.0
957,2022-08-17,32.857142857142854,25733.0
958,2022-08-18,34.0,27870.0
959,2022-08-19,33.142857142857146,26424.0
960,2022-08-20,33.857142857142854,25756.0
961,2022-08-21,33.57142857142857,24957.0
962,2022-08-22,34.142857142857146,25251.0
963,2022-08-23,34.42857142857143,19693.0
964,2022-08-24,34.285714285714285,29168.0
965,2022-08-25,33.57142857142857,32027.0
966,2022-08-26,34.57142857142857,30805.0
967,2022-08-27,36.285714285714285,29364.0
968,2022-08-28,36.714285714285715,28156.0
969,2022-08-29,38.42857142857143,30209.0
970,2022-08-30,38.142857142857146,23517.0
971,2022-08-31,40.142857142857146,34704.0
972,2022-09-01,39.857142857142854,38197.0
973,2022-09-02,40.0,37797.0
974,2022-09-03,38.857142857142854,37264.0
975,2022-09-04,39.57142857142857,36356.0
976,2022-09-05,39.857142857142854,37783.0
977,2022-09-06,41.714285714285715,27188.0
978,2022-09-07,40.285714285714285,39627.0
979,2022-09-08,42.0,44567.0
980,2022-09-09,41.142857142857146,38417.0
981,2022-09-10,44.285714285714285,37255.0
982,2022-09-11,42.714285714285715,38451.0
983,2022-09-12,42.285714285714285,34676.0
984,2022-09-13,42.285714285714285,27790.0
985,2022-09-14,41.857142857142854,49311.0
986,2022-09-15,42.57142857142857,52089.0
987,2022-09-16,45.714285714285715,48102.0
988,2022-09-17,45.142857142857146,44057.0
989,2022-09-18,51.42857142857143,41668.0
990,2022-09-19,50.857142857142854,41563.0
991,2022-09-20,51.142857142857146,30166.0
992,2022-09-21,51.857142857142854,46312.0
993,2022-09-22,52.0,48725.0
994,2022-09-23,53.857142857142854,44260.0
995,2022-09-24,74.42857142857143,41620.0
996,2022-09-25,71.0,39830.0
997,2022-09-26,72.14285714285714,40424.0
998,2022-09-27,76.0,30124.0
999,2022-09-28,76.28571428571429,47084.0
1000,2022-09-29,76.85714285714286,50009.0
1001,2022-09-30,74.28571428571429,46290.0
1002,2022-10-01,53.142857142857146,44858.0
1003,2022-10-02,52.57142857142857,44303.0
1004,2022-10-03,56.0,44594.0
1005,2022-10-04,52.142857142857146,34860.0
1006,2022-10-05,52.857142857142854,50924.0
1007,2022-10-06,53.714285714285715,56487.0
1008,2022-10-07,54.42857142857143,48152.0
1009,2022-10-08,53.857142857142854,52624.0
1010,2022-10-09,58.857142857142854,46189.0
1011,2022-10-10,58.42857142857143,46450.0
1012,2022-10-11,62.142857142857146,34107.0
1013,2022-10-12,63.0,43157.0
1014,2022-10-13,61.285714285714285,54449.0
1015,2022-10-14,57.57142857142857,55362.0
1016,2022-10-15,62.285714285714285,50142.0
1017,2022-10-16,61.57142857142857,45243.0
1018,2022-10-17,62.285714285714285,43568.0
1019,2022-10-18,61.0,30778.0
1020,2022-10-19,60.285714285714285,46590.0
1021,2022-10-20,61.42857142857143,46430.0
1022,2022-10-21,70.57142857142857,41248.0
1023,2022-10-22,70.57142857142857,38969.0
1024,2022-10-23,67.0,37765.0
1025,2022-10-24,66.85714285714286,37248.0
1026,2022-10-25,68.42857142857143,28281.0
1027,2022-10-26,70.14285714285714,41072.0
1028,2022-10-27,70.85714285714286,42374.0
1029,2022-10-28,69.57142857142857,37795.0
1030,2022-10-29,66.28571428571429,36790.0
1031,2022-10-30,69.85714285714286,34434.0
1032,2022-10-31,72.57142857142857,33756.0
1033,2022-11-01,72.85714285714286,24720.0
1034,2022-11-02,73.71428571428571,36175.0
1035,2022-11-03,74.0,32158.0
1036,2022-11-04,73.85714285714286,35371.0
1037,2022-11-05,76.85714285714286,29153.0
1038,2022-11-06,77.0,27769.0
1039,2022-11-07,73.0,26285.0
1040,2022-11-08,68.42857142857143,19022.0
1041,2022-11-09,62.857142857142854,27606.0
1042,2022-11-10,65.42857142857143,27796.0
1043,2022-11-11,63.142857142857146,25157.0
1044,2022-11-12,61.285714285714285,23346.0
1045,2022-11-13,58.57142857142857,22533.0
1046,2022-11-14,60.0,22192.0
1047,2022-11-15,61.57142857142857,20002.0
1048,2022-11-16,66.85714285714286,21861.0
1049,2022-11-17,66.57142857142857,27172.0
1050,2022-11-18,68.57142857142857,24683.0
1051,2022-11-19,67.57142857142857,22194.0
1052,2022-11-20,68.0,20709.0
1053,2022-11-21,66.28571428571429,20582.0
1054,2022-11-22,66.85714285714286,16085.0
1055,2022-11-23,66.14285714285714,22959.0
1056,2022-11-24,56.857142857142854,24259.0
1057,2022-11-25,59.714285714285715,21534.0
1058,2022-11-26,60.714285714285715,19808.0
1059,2022-11-27,56.42857142857143,18978.0
1060,2022-11-28,54.57142857142857,19122.0
1061,2022-11-29,50.57142857142857,16306.0
1062,2022-11-30,45.142857142857146,23662.0
1063,2022-12-01,59.857142857142854,24429.0
1064,2022-12-02,54.0,22407.0
1065,2022-12-03,49.42857142857143,20548.0
1066,2022-12-04,51.285714285714285,19667.0
1067,2022-12-05,51.285714285714285,19900.0
1068,2022-12-06,53.57142857142857,17829.0
1069,2022-12-07,57.142857142857146,23433.0
1070,2022-12-08,47.57142857142857,24659.0
1071,2022-12-09,47.0,22583.0
1072,2022-12-10,65.14285714285714,463471.0
1073,2022-12-11,81.85714285714286,546023.0
1074,2022-12-12,102.71428571428571,747894.0
1075,2022-12-13,124.42857142857143,896102.0
1076,2022-12-14,146.0,1030187.0
1077,2022-12-15,169.14285714285714,1219935.0
1078,2022-12-16,190.42857142857142,1789770.0
1079,2022-12-17,199.0,2300469.0
1080,2022-12-18,211.85714285714286,3114193.0
1081,2022-12-19,226.71428571428572,4068849.0
1082,2022-12-20,244.0,5102957.0
1083,2022-12-21,268.42857142857144,5905312.0
1084,2022-12-22,303.2857142857143,6434648.0
1085,2022-12-23,362.57142857142856,6966046.0
1086,2022-12-24,449.57142857142856,6327801.0
1087,2022-12-25,540.2857142857143,5669864.0
1088,2022-12-26,685.0,4768272.0
1089,2022-12-27,835.5714285714286,4462481.0
1090,2022-12-28,983.2857142857143,4356772.0
1091,2022-12-29,1120.7142857142858,3533372.0
1092,2022-12-30,1294.5714285714287,2929223.0
1093,2022-12-31,1494.857142857143,2429272.0
1094,2023-01-01,1774.2857142857142,2165484.0
1095,2023-01-02,2131.1428571428573,1606621.0
1096,2023-01-03,2556.1428571428573,1282467.0
1097,2023-01-04,2955.4285714285716,1364408.0
1098,2023-01-05,3386.285714285714,1250579.0
1099,2023-01-06,3747.0,991889.0
1100,2023-01-07,3936.714285714286,863250.0
1101,2023-01-08,3990.8571428571427,702548.0
1102,2023-01-09,3964.0,527649.0
1103,2023-01-10,3887.714285714286,407701.0
1104,2023-01-11,3786.714285714286,406509.0
1105,2023-01-12,3627.285714285714,309798.0
1106,2023-01-13,3373.8571428571427,277004.0
1107,2023-01-14,3204.5714285714284,232501.0
1108,2023-01-15,3030.5714285714284,200409.0
1109,2023-01-16,2860.8571428571427,141511.0
1110,2023-01-17,2576.4285714285716,115572.0
1111,2023-01-18,2325.8571428571427,134604.0
1112,2023-01-19,2069.714285714286,107663.0
1113,2023-01-20,1905.0,93248.0
1114,2023-01-21,1755.142857142857,85179.0
1115,2023-01-22,1632.4285714285713,77406.0
1116,2023-01-23,1422.7142857142858,44667.0
1117,2023-01-24,1301.4285714285713,26307.0
1118,2023-01-25,1063.142857142857,15316.0
1119,2023-01-26,852.5714285714286,19628.0
1120,2023-01-27,975.4285714285714,16892.0
1121,2023-01-28,790.4285714285714,24803.0
1122,2023-01-29,633.4285714285714,27929.0
1123,2023-01-30,502.0,27805.0
1124,2023-01-31,368.42857142857144,22650.0
1125,2023-02-01,366.57142857142856,32621.0
1126,2023-02-02,367.14285714285717,32221.0
1127,2023-02-03,518.7142857142857,27534.0
1128,2023-02-04,529.0,25940.0
1129,2023-02-05,533.8571428571429,24198.0
1130,2023-02-06,539.2857142857143,23390.0
1131,2023-02-07,544.0,16918.0
1132,2023-02-08,544.8571428571429,23673.0
1133,2023-02-09,545.2857142857143,24556.0
1134,2023-02-10,202.28571428571428,21192.0
1135,2023-02-11,196.71428571428572,19629.0
1136,2023-02-12,197.28571428571428,22272.0
1137,2023-02-13,194.28571428571428,9443.0
1138,2023-02-14,192.85714285714286,17357.0
1139,2023-02-15,190.85714285714286,20698.0
1140,2023-02-16,192.71428571428572,20073.0
1141,2023-02-17,78.14285714285714,16943.0
1142,2023-02-18,68.14285714285714,0.0
1143,2023-02-19,56.142857142857146,30778.0
1144,2023-02-20,76.71428571428571,16018.0
1145,2023-02-21,75.14285714285714,12181.0
1146,2023-02-22,76.14285714285714,17383.0
1147,2023-02-23,75.42857142857143,16609.0
1148,2023-02-24,58.714285714285715,14527.0
1149,2023-02-25,58.714285714285715,0.0
1150,2023-02-26,57.714285714285715,952.0
1151,2023-02-27,51.142857142857146,40146.0
1152,2023-02-28,50.714285714285715,7837.0
1153,2023-03-01,50.714285714285715,10216.0
1154,2023-03-02,45.857142857142854,12316.0
1155,2023-03-03,44.57142857142857,14178.0
1156,2023-03-04,44.57142857142857,0.0
1157,2023-03-05,65.14285714285714,25290.0
1158,2023-03-06,51.42857142857143,10350.0
1159,2023-03-07,51.714285714285715,7127.0
1160,2023-03-08,50.0,11079.0
1161,2023-03-09,51.42857142857143,11092.0
1162,2023-03-10,53.57142857142857,9634.0
1163,2023-03-11,53.57142857142857,0.0
1164,2023-03-12,47.57142857142857,17793.0
1165,2023-03-13,47.0,9123.0
1166,2023-03-14,45.857142857142854,6597.0
1167,2023-03-15,45.0,10136.0
1168,2023-03-16,0.0,0.0
