,date,R_m,CSAD,CSSD,StringencyIndex_WeightedAverage,C6E_Stay at home requirements,PopulationVaccinated,C2E_Workplace closing,C3E_Cancel public events,C4E_Restrictions on gatherings,C5E_Close public transport,C7E_Restrictions on internal movement,C8E_International travel controls
0,20200102,,,,0.0,0.0,0.0,0.0,0.0,0.0,0.0,0.0,0.0
1,20200103,0.08200890143675811,1.0763792369288192,0.08986558062280774,0.0,0.0,0.0,0.0,0.0,0.0,0.0,0.0,0.0
2,20200106,-0.007569456919769116,1.5106372816352862,0.12632816612141748,0.0,0.0,0.0,0.0,0.0,0.0,0.0,0.0,0.0
3,20200107,0.7623890861103995,1.0393513156023897,0.08925089526915983,0.0,0.0,0.0,0.0,0.0,0.0,0.0,0.0,0.0
4,20200108,-1.4699810038649495,1.3808293131318803,0.10777482843053103,0.0,0.0,0.0,0.0,0.0,0.0,0.0,0.0,0.0
5,20200109,1.2207274911815211,1.2365642284458418,0.10771299047168867,0.0,0.0,0.0,0.0,0.0,0.0,0.0,0.0,0.0
6,20200110,-0.10954372107590947,1.017425169760475,0.08843356633340459,0.0,0.0,0.0,0.0,0.0,0.0,0.0,0.0,0.0
7,20200113,1.0267502572553806,1.271501379516779,0.11565451395775496,0.0,0.0,0.0,0.0,0.0,0.0,0.0,0.0,0.0
8,20200114,-0.1881720582303761,1.1479002496751525,0.10086800650120589,0.0,0.0,0.0,0.0,0.0,0.0,0.0,0.0,0.0
9,20200115,-0.6123181513333359,1.0261616254651513,0.09001548450195929,0.0,0.0,0.0,0.0,0.0,0.0,0.0,0.0,0.0
10,20200116,-0.3999889955517199,0.9674199292873992,0.0904017469544201,0.0,0.0,0.0,0.0,0.0,0.0,0.0,0.0,0.0
11,20200117,0.07782435262037112,1.0622174967613243,0.1033715155612952,0.0,0.0,0.0,0.0,0.0,0.0,0.0,0.0,0.0
12,20200120,0.8649674529567992,1.6833837196175239,0.14746892303639145,0.0,0.0,0.0,0.0,0.0,0.0,0.0,0.0,0.0
13,20200121,-1.597344331083719,1.4317492697801322,0.11732909594788869,0.0,0.0,0.0,0.0,0.0,0.0,0.0,0.0,0.0
14,20200122,0.4661731560892698,1.4104590955610579,0.12477497837125973,26.39,0.0,0.0,0.0,2.0,4.0,0.0,0.0,0.0
15,20200123,-3.202301988787028,1.514365416445265,0.12665644987470595,44.91,1.0,0.0,0.0,2.0,4.0,2.0,2.0,0.0
16,20200203,-8.977270758511592,2.069002336882231,0.17104063737322936,77.31,3.0,0.0,3.0,2.0,4.0,2.0,2.0,0.0
17,20200204,1.5852292494654483,2.901234600656273,0.2111366239339248,77.31,3.0,0.0,3.0,2.0,4.0,2.0,2.0,0.0
18,20200205,1.6437637528220528,1.631199132501683,0.1330073834433135,77.31,3.0,0.0,3.0,2.0,4.0,2.0,2.0,0.0
19,20200206,2.09670526164129,1.6192286822585786,0.132796557675202,77.31,3.0,0.0,3.0,2.0,4.0,2.0,2.0,0.0
20,20200207,0.28496336702482344,1.6341383263107363,0.136275456822824,77.31,3.0,0.0,3.0,2.0,4.0,2.0,2.0,0.0
21,20200210,0.7818024409366189,1.6750738216274599,0.13775760927603745,75.46,3.0,0.0,3.0,2.0,4.0,2.0,2.0,0.0
22,20200211,0.38543676902856683,1.4551687329014742,0.11982023503771157,75.46,3.0,0.0,3.0,2.0,4.0,2.0,2.0,0.0
23,20200212,1.1129955244216914,1.2367997353978457,0.11245287771172925,75.46,3.0,0.0,3.0,2.0,4.0,2.0,2.0,0.0
24,20200213,-0.5771468892081284,1.4142898356689517,0.12061997441071105,75.46,3.0,0.0,3.0,2.0,4.0,2.0,2.0,0.0
25,20200214,0.7183106555798158,1.4036791548365422,0.11953536231139965,75.46,3.0,0.0,3.0,2.0,4.0,2.0,2.0,0.0
26,20200217,2.7443920357595935,1.6530486769886092,0.1286761729585462,75.46,3.0,0.0,3.0,2.0,4.0,2.0,2.0,0.0
27,20200218,-0.07709022687282262,1.310852957463645,0.10753040855126914,75.46,3.0,0.0,3.0,2.0,4.0,2.0,2.0,0.0
28,20200219,-0.4640045934619233,1.5563670461449328,0.13136220345385485,75.46,3.0,0.0,3.0,2.0,4.0,2.0,2.0,0.0
29,20200220,2.2365653203753633,1.8919198260091785,0.14587176987292425,75.46,3.0,0.0,3.0,2.0,4.0,2.0,2.0,0.0
30,20200221,0.4847507636018765,1.5534356602911772,0.12314480302850442,75.46,3.0,0.0,3.0,2.0,4.0,2.0,2.0,0.0
31,20200224,-0.06772262679549457,2.029439438467632,0.16608290880329052,75.46,3.0,0.0,3.0,2.0,4.0,2.0,2.0,0.0
32,20200225,-0.23468434491779278,2.0448101847036235,0.1614495907805596,81.02,3.0,0.0,3.0,2.0,4.0,2.0,2.0,2.0
33,20200226,-1.2461480399387383,2.6945753248205997,0.2079549329125049,81.02,3.0,0.0,3.0,2.0,4.0,2.0,2.0,2.0
34,20200227,0.015038150936765771,1.4722187301645864,0.1284844712663475,81.02,3.0,0.0,3.0,2.0,4.0,2.0,2.0,2.0
35,20200228,-4.055752425678548,2.092339443517755,0.15799937144031206,81.02,3.0,0.0,3.0,2.0,4.0,2.0,2.0,2.0
36,20200302,3.5341478989837922,1.7638289829410823,0.13324150559080156,81.02,3.0,0.0,3.0,2.0,4.0,2.0,2.0,2.0
37,20200303,0.5410311229264282,1.2508875159009332,0.10065193343392442,81.02,3.0,0.0,3.0,2.0,4.0,2.0,2.0,2.0
38,20200304,0.7398952468581348,1.5954616360911489,0.1310826289055754,81.02,3.0,0.0,3.0,2.0,4.0,2.0,2.0,2.0
39,20200305,1.8162961812248841,1.3904737449110205,0.11252928302042968,81.02,3.0,0.0,3.0,2.0,4.0,2.0,2.0,2.0
40,20200306,-1.4893604002197878,1.3410219835554449,0.10617207785493765,81.02,3.0,0.0,3.0,2.0,4.0,2.0,2.0,2.0
41,20200309,-3.568883538811884,1.7672438052892026,0.14112513476203067,81.02,3.0,0.0,3.0,2.0,4.0,2.0,2.0,2.0
42,20200310,2.1133424143930357,1.6482702373560025,0.13056396255730074,81.02,3.0,0.0,3.0,2.0,4.0,2.0,2.0,2.0
43,20200311,-1.1766676276174086,1.3539519966832054,0.11120910892038455,81.02,3.0,0.0,3.0,2.0,4.0,2.0,2.0,2.0
44,20200312,-1.944812669699523,1.3620030627202755,0.11278049509160444,81.02,3.0,0.0,3.0,2.0,4.0,2.0,2.0,2.0
45,20200313,-1.2348585752720762,1.2079403124204457,0.10905950356503274,81.02,3.0,0.0,3.0,2.0,4.0,2.0,2.0,2.0
46,20200316,-4.2918661052285065,2.314760119745734,0.16697647107282443,79.17,3.0,0.0,3.0,2.0,4.0,2.0,2.0,2.0
47,20200317,-0.4052151905241261,1.5946739176174352,0.1285740555007841,79.17,3.0,0.0,3.0,2.0,4.0,2.0,2.0,2.0
48,20200318,-1.9820307844496414,1.3874205247795723,0.11038734017511631,79.17,3.0,0.0,3.0,2.0,4.0,2.0,2.0,2.0
49,20200319,-0.7943318616692486,1.9970735381654148,0.15972779529305034,79.17,3.0,0.0,3.0,2.0,4.0,2.0,2.0,2.0
50,20200320,1.4634578213539555,1.462076176776985,0.11733281015575009,79.17,3.0,0.0,3.0,2.0,4.0,2.0,2.0,2.0
51,20200323,-3.848516615497788,2.056496459252581,0.15590693918032436,79.17,3.0,0.0,3.0,2.0,4.0,2.0,2.0,2.0
52,20200324,2.255639298619663,1.522540171375563,0.12350420382612257,79.17,3.0,0.0,3.0,2.0,4.0,2.0,2.0,2.0
53,20200325,2.6462377957540357,1.62983776740942,0.11936841700324832,79.17,3.0,0.0,3.0,2.0,4.0,2.0,2.0,2.0
54,20200326,-0.964919712252459,1.4526559382865383,0.11775817470261743,81.94,3.0,0.0,3.0,2.0,4.0,2.0,2.0,3.0
55,20200327,0.2751531031314894,1.3128004049892195,0.10769770979559082,81.94,3.0,0.0,3.0,2.0,4.0,2.0,2.0,3.0
56,20200330,-1.2999576165961209,1.8573777769418913,0.14357930885155673,73.61,3.0,0.0,3.0,2.0,4.0,0.0,2.0,3.0
57,20200331,0.10952984155525322,1.6009779400426667,0.1341711371132253,73.61,3.0,0.0,3.0,2.0,4.0,0.0,2.0,3.0
58,20200401,-0.532241960990243,1.2868249163247052,0.10607256104585289,73.61,3.0,0.0,3.0,2.0,4.0,0.0,2.0,3.0
59,20200402,1.6660360358185526,1.3902485073723556,0.11627220369556492,73.61,3.0,0.0,3.0,2.0,4.0,0.0,2.0,3.0
60,20200403,-0.6548150158796158,1.2010161417466079,0.09372131766772608,69.91,3.0,0.0,2.0,2.0,4.0,0.0,2.0,3.0
61,20200407,2.449952023126691,1.2416479033786954,0.09881560462335409,69.91,3.0,0.0,2.0,2.0,4.0,0.0,2.0,3.0
62,20200408,-0.17307437214999805,1.0183670623442675,0.08560740043563737,56.94,1.0,0.0,2.0,2.0,4.0,0.0,1.0,3.0
63,20200409,0.4672377177969435,1.117408167810025,0.09739822953624658,56.94,1.0,0.0,2.0,2.0,4.0,0.0,1.0,3.0
64,20200410,-1.3648030962394826,1.3215071363332092,0.10117253260428204,56.94,1.0,0.0,2.0,2.0,4.0,0.0,1.0,3.0
65,20200413,-0.6083547832586546,1.3542587686047458,0.10861205340452779,56.94,1.0,0.0,2.0,2.0,4.0,0.0,1.0,3.0
66,20200414,1.9886762586823696,1.3889559500929312,0.11087240554877187,56.94,1.0,0.0,2.0,2.0,4.0,0.0,1.0,3.0
67,20200415,-0.6447590842291588,1.189498032269918,0.10334686420836733,56.94,1.0,0.0,2.0,2.0,4.0,0.0,1.0,3.0
68,20200416,0.25129162003054145,1.0104002408533084,0.08594106479767591,56.94,1.0,0.0,2.0,2.0,4.0,0.0,1.0,3.0
69,20200417,0.5120268160969167,1.2554531979856234,0.10316336454948873,56.94,1.0,0.0,2.0,2.0,4.0,0.0,1.0,3.0
70,20200420,0.35680813523296623,1.0271838068199532,0.0878523067173059,56.94,1.0,0.0,2.0,2.0,4.0,0.0,1.0,3.0
71,20200421,-1.0947660546402331,1.0781903735958052,0.08743871470780747,56.94,1.0,0.0,2.0,2.0,4.0,0.0,1.0,3.0
72,20200422,0.601156918502076,1.0313854325082352,0.08802350823892388,56.94,1.0,0.0,2.0,2.0,4.0,0.0,1.0,3.0
73,20200423,-0.251361865570624,1.2350272618061864,0.10706551872187342,56.94,1.0,0.0,2.0,2.0,4.0,0.0,1.0,3.0
74,20200424,-1.171581837913483,1.2994954716851441,0.11169590268863888,56.94,1.0,0.0,2.0,2.0,4.0,0.0,1.0,3.0
75,20200427,0.04633898794956981,1.5399411216951069,0.14766265493992525,56.94,1.0,0.0,2.0,2.0,4.0,0.0,1.0,3.0
76,20200428,-0.07174103795340707,1.8837219053552683,0.14647084192533083,56.94,1.0,0.0,2.0,2.0,4.0,0.0,1.0,3.0
77,20200429,0.41301707111313934,1.558989153367792,0.12718952433648725,56.94,1.0,0.0,2.0,2.0,4.0,0.0,1.0,3.0
78,20200430,1.892926301701701,1.7773043519389664,0.13546159330127375,56.94,1.0,0.0,2.0,2.0,4.0,0.0,1.0,3.0
79,20200506,0.8856309890361224,1.5950228021305688,0.12606977802275895,56.94,1.0,0.0,2.0,2.0,4.0,0.0,1.0,3.0
80,20200507,-0.5405018617362196,1.1124591827384347,0.13917988818712587,56.94,1.0,0.0,2.0,2.0,4.0,0.0,1.0,3.0
81,20200508,1.0053697501816854,1.0851336947701657,0.12069304174288668,56.94,1.0,0.0,2.0,2.0,4.0,0.0,1.0,3.0
82,20200511,-0.034452140391559916,1.2483361450186166,0.1058879336109677,81.94,3.0,0.0,3.0,2.0,4.0,2.0,2.0,3.0
83,20200512,-0.2720130447188325,1.0745009462421828,0.08314438195182007,81.94,3.0,0.0,3.0,2.0,4.0,2.0,2.0,3.0
84,20200513,0.1697009042552604,1.0705076542624987,0.1479850236321314,81.94,3.0,0.0,3.0,2.0,4.0,2.0,2.0,3.0
85,20200514,-1.0785639106667615,0.9439171742381204,0.07400903513892813,81.94,3.0,0.0,3.0,2.0,4.0,2.0,2.0,3.0
86,20200515,-0.17242078808292852,0.8801187165568884,0.07426099061129297,81.94,3.0,0.0,3.0,2.0,4.0,2.0,2.0,3.0
87,20200518,-0.01144463429605847,1.658907125265255,0.14586622498929833,81.94,3.0,0.0,3.0,2.0,4.0,2.0,2.0,3.0
88,20200519,0.711225020113412,1.1566368106868297,0.12438367171304596,81.94,3.0,0.0,3.0,2.0,4.0,2.0,2.0,3.0
89,20200520,-0.7304750659774449,1.2442794171550393,0.10827531764384517,81.94,3.0,0.0,3.0,2.0,4.0,2.0,2.0,3.0
90,20200521,-0.823348939003836,1.208476682246624,0.11370347365926442,81.94,3.0,0.0,3.0,2.0,4.0,2.0,2.0,3.0
91,20200522,-2.0707414271728433,1.1194125474077916,0.12056576822062484,81.94,3.0,0.0,3.0,2.0,4.0,2.0,2.0,3.0
92,20200525,-0.2871558440153711,1.455520624901778,0.12669332737056288,81.94,3.0,0.0,3.0,2.0,4.0,2.0,2.0,3.0
93,20200526,1.2499313910579026,1.120496566288233,0.10455903752384371,81.94,3.0,0.0,3.0,2.0,4.0,2.0,2.0,3.0
94,20200527,-0.5608486057196062,1.3670550601093583,0.10890081480206118,81.94,3.0,0.0,3.0,2.0,4.0,2.0,2.0,3.0
95,20200528,-0.05352288767915027,1.322454142586129,0.16036820928032747,81.94,3.0,0.0,3.0,2.0,4.0,2.0,2.0,3.0
96,20200529,0.21562524784777315,1.6045771925322225,0.22558879683754993,81.94,3.0,0.0,3.0,2.0,4.0,2.0,2.0,3.0
97,20200601,2.5709427107447285,1.5166551405801219,0.12106648561223483,81.94,3.0,0.0,3.0,2.0,4.0,2.0,2.0,3.0
98,20200602,0.21223832544425694,1.2824994523553594,0.10575877689113825,81.94,3.0,0.0,3.0,2.0,4.0,2.0,2.0,3.0
99,20200603,-0.30839582704856106,1.1887824309868475,0.12774886124129087,78.24,3.0,0.0,3.0,2.0,4.0,2.0,2.0,3.0
100,20200604,-0.6652495895054633,1.3577203486627059,0.24307449759845629,78.24,3.0,0.0,3.0,2.0,4.0,2.0,2.0,3.0
101,20200605,0.34536070991160794,1.3141624094014766,0.1390685554224907,78.24,3.0,0.0,3.0,2.0,4.0,2.0,2.0,3.0
102,20200608,0.3546869087340211,1.2841955562413916,0.10541156181759918,78.24,3.0,0.0,3.0,2.0,4.0,2.0,2.0,3.0
103,20200609,0.478338554448481,1.2792213399747392,0.25051995596608173,78.24,3.0,0.0,3.0,2.0,4.0,2.0,2.0,3.0
104,20200610,-0.2625533160582809,1.2323197834446897,0.10003224774378557,78.24,3.0,0.0,3.0,2.0,4.0,2.0,2.0,3.0
105,20200611,-0.8016078467236055,1.1594940005840557,0.12547058324380173,78.24,3.0,0.0,3.0,2.0,4.0,2.0,2.0,3.0
106,20200612,-0.09784020560344633,1.223083393541937,0.13024822617265516,78.24,3.0,0.0,3.0,2.0,4.0,2.0,2.0,3.0
107,20200615,-0.9041261152185069,1.4888274725818733,0.1245867464597346,78.24,3.0,0.0,3.0,2.0,4.0,2.0,2.0,3.0
108,20200616,1.4426744908650444,1.0787838643932475,0.09015356430894182,78.24,3.0,0.0,3.0,2.0,4.0,2.0,2.0,3.0
109,20200617,0.08760463584890789,1.1827352703621752,0.12527081199863255,78.24,3.0,0.0,3.0,2.0,4.0,2.0,2.0,3.0
110,20200618,0.5733162405988814,1.2845300406515863,0.1054956627429262,78.24,3.0,0.0,3.0,2.0,4.0,2.0,2.0,3.0
111,20200619,0.9875934751922283,1.4052561387948375,0.11761805185458168,78.24,3.0,0.0,3.0,2.0,4.0,2.0,2.0,3.0
112,20200622,0.018170322099082342,1.4313281920048782,0.11644800693005863,78.24,3.0,0.0,3.0,2.0,4.0,2.0,2.0,3.0
113,20200623,0.23626245416399405,1.4555518450120282,0.11721568030702953,78.24,3.0,0.0,3.0,2.0,4.0,2.0,2.0,3.0
114,20200624,0.2586368919683507,1.2819127941615114,0.10309125715884376,78.24,3.0,0.0,3.0,2.0,4.0,2.0,2.0,3.0
115,20200629,-1.0202360793791532,1.4560089385143655,0.12066225986524517,78.24,3.0,0.0,3.0,2.0,4.0,2.0,2.0,3.0
116,20200630,1.370424660344645,1.4827058785786662,0.1291853944650412,78.24,3.0,0.0,3.0,2.0,4.0,2.0,2.0,3.0
117,20200701,1.6493178583439096,1.8319790292024187,0.14813705817299383,78.24,3.0,0.0,3.0,2.0,4.0,2.0,2.0,3.0
118,20200702,2.5229763364030178,2.2275568352214044,0.1710759471844732,78.24,3.0,0.0,3.0,2.0,4.0,2.0,2.0,3.0
119,20200703,2.0717118222263737,2.2302053961908497,0.17264555275865637,78.24,3.0,0.0,3.0,2.0,4.0,2.0,2.0,3.0
120,20200706,5.395286015512373,2.6228723959480447,0.18032418242434176,78.24,3.0,0.0,3.0,2.0,4.0,2.0,2.0,3.0
121,20200707,0.2091527161347857,2.4574722873723687,0.18842924935499805,78.24,3.0,0.0,3.0,2.0,4.0,2.0,2.0,3.0
122,20200708,2.1278113039226483,2.1819370948134758,0.16520520948148848,78.24,3.0,0.0,3.0,2.0,4.0,2.0,2.0,3.0
123,20200709,1.842048703600233,2.1584018817126616,0.16590798748329974,78.24,3.0,0.0,3.0,2.0,4.0,2.0,2.0,3.0
124,20200710,-1.7874286141585671,2.4096171813422815,0.2058450797259648,78.24,3.0,0.0,3.0,2.0,4.0,2.0,2.0,3.0
125,20200713,2.218349487524452,2.06986999248639,0.1708331972316843,78.24,3.0,0.0,3.0,2.0,4.0,2.0,2.0,3.0
126,20200714,-0.8756612376847799,1.7940262568986187,0.14272747547255019,78.24,3.0,0.0,3.0,2.0,4.0,2.0,2.0,3.0
127,20200715,-1.9299836696768629,2.379836180018138,0.18662571744068676,78.24,3.0,0.0,3.0,2.0,4.0,2.0,2.0,3.0
128,20200716,-4.513813940844058,2.265423412383672,0.16780228488370505,78.24,3.0,0.0,3.0,2.0,4.0,2.0,2.0,3.0
129,20200717,0.08345645988608365,2.1088637392527465,0.16686904722195314,78.24,3.0,0.0,3.0,2.0,4.0,2.0,2.0,3.0
130,20200720,3.5400587231998957,2.3135512708812636,0.18731028796452498,78.24,3.0,0.0,3.0,2.0,4.0,2.0,2.0,3.0
131,20200721,-0.2766988273828996,1.9458914945710897,0.22704905340392997,78.24,3.0,0.0,3.0,2.0,4.0,2.0,2.0,3.0
132,20200722,0.475213777844468,1.2986840509596724,0.1050296914516703,78.24,3.0,0.0,3.0,2.0,4.0,2.0,2.0,3.0
133,20200723,-0.3203572650076317,1.8757333614482112,0.1553405574104972,78.24,3.0,0.0,3.0,2.0,4.0,2.0,2.0,3.0
134,20200724,-4.323609334156401,1.9722076545592908,0.1561569671738238,78.24,3.0,0.0,3.0,2.0,4.0,2.0,2.0,3.0
135,20200727,0.41083432696788746,1.7296177082440334,0.14214399844850462,78.24,3.0,0.0,3.0,2.0,4.0,2.0,2.0,3.0
136,20200728,0.6526349215093433,1.2550388850338092,0.10786836379782508,78.24,3.0,0.0,3.0,2.0,4.0,2.0,2.0,3.0
137,20200729,2.3555044691868017,1.4797084383736339,0.11852377019666865,78.24,3.0,0.0,3.0,2.0,4.0,2.0,2.0,3.0
138,20200730,-0.445916029456251,1.458785163232624,0.12403927782524221,78.24,3.0,0.0,3.0,2.0,4.0,2.0,2.0,3.0
139,20200731,0.7374716280201925,1.2486212111605075,0.11411562242768733,78.24,3.0,0.0,3.0,2.0,4.0,2.0,2.0,3.0
140,20200803,2.1194155314907093,1.749001732960312,0.14383973902201647,78.24,3.0,0.0,3.0,2.0,4.0,2.0,2.0,3.0
141,20200804,-0.024390508809058933,1.7668296637189118,0.1399209573419039,78.24,3.0,0.0,3.0,2.0,4.0,2.0,2.0,3.0
142,20200805,0.22321910290826896,1.7188419443631218,0.13988873928362894,78.24,3.0,0.0,3.0,2.0,4.0,2.0,2.0,3.0
143,20200806,0.23156023017927302,1.9131767372821102,0.1595273556823037,78.24,3.0,0.0,3.0,2.0,4.0,2.0,2.0,3.0
144,20200807,-1.257382227832026,1.8801195504677155,0.1548957732986664,78.24,3.0,0.0,3.0,2.0,4.0,2.0,2.0,3.0
145,20200810,0.6288696064392367,1.786093364359354,0.14867764343835668,78.24,3.0,0.0,3.0,2.0,4.0,2.0,2.0,3.0
146,20200811,-1.3363083143127747,1.5567864015563453,0.11805954025514298,78.24,3.0,0.0,3.0,2.0,4.0,2.0,2.0,3.0
147,20200812,-0.7109350234300112,1.9350609253960709,0.15263212298627818,78.24,3.0,0.0,3.0,2.0,4.0,2.0,2.0,3.0
148,20200813,0.0063451514705520125,1.10233610808495,0.09044539940696718,78.24,3.0,0.0,3.0,2.0,4.0,2.0,2.0,3.0
149,20200814,1.2355085965137251,1.1632496982975953,0.10239444887679938,78.24,3.0,0.0,3.0,2.0,4.0,2.0,2.0,3.0
150,20200817,2.4559345094343796,1.6901313913068565,0.12860577857392286,78.24,3.0,0.0,3.0,2.0,4.0,2.0,2.0,3.0
151,20200818,-0.026931338102047602,1.2483677808197755,0.10273202435941496,78.24,3.0,0.0,3.0,2.0,4.0,2.0,2.0,3.0
152,20200819,-1.2270776686843,1.8732737413419316,0.1838888339971861,78.24,3.0,0.0,3.0,2.0,4.0,2.0,2.0,3.0
153,20200820,-1.4444867174295732,1.4381975033915322,0.11780092160133149,78.24,3.0,0.0,3.0,2.0,4.0,2.0,2.0,3.0
154,20200821,0.7771276358293703,1.2617097340221786,0.10556628937546464,78.24,3.0,0.0,3.0,2.0,4.0,2.0,2.0,3.0
155,20200824,0.4360319254347519,1.516525321358982,0.1287508966206873,78.24,3.0,0.0,3.0,2.0,4.0,2.0,2.0,3.0
156,20200825,-0.5924616082842938,1.4163579070878463,0.16430653880689866,78.24,3.0,0.0,3.0,2.0,4.0,2.0,2.0,3.0
157,20200826,-1.4462194596458993,1.5366334269515645,0.12842941030922786,78.24,3.0,0.0,3.0,2.0,4.0,2.0,2.0,3.0
158,20200827,0.593455695698908,1.2413531660916766,0.10254006327650367,78.24,3.0,0.0,3.0,2.0,4.0,2.0,2.0,3.0
159,20200828,1.8463277511619587,1.457823965166912,0.121590104007736,78.24,3.0,0.0,3.0,2.0,4.0,2.0,2.0,3.0
160,20200831,-0.5272959277654877,1.418747324677173,0.11814316788119145,78.24,3.0,0.0,3.0,2.0,4.0,2.0,2.0,3.0
161,20200901,0.5922714328826559,1.4605864137492,0.11620783297622184,78.24,3.0,0.0,3.0,2.0,4.0,2.0,2.0,3.0
162,20200902,-0.056507003900845294,1.3855443324367533,0.11724368940793135,55.09,0.0,0.0,1.0,2.0,4.0,0.0,2.0,3.0
163,20200903,-0.5615291674248198,1.3693875143614833,0.1163242079664811,55.09,0.0,0.0,1.0,2.0,4.0,0.0,2.0,3.0
164,20200904,-0.659936405520942,1.1661238248176575,0.09697879149468444,46.76,0.0,0.0,1.0,2.0,4.0,0.0,0.0,3.0
165,20200907,-1.8936706702781079,1.720165083890418,0.12959819268039827,46.76,0.0,0.0,1.0,2.0,4.0,0.0,0.0,3.0
166,20200908,0.7204852685368528,1.5214722013057114,0.12657708072512924,46.76,0.0,0.0,1.0,2.0,4.0,0.0,0.0,3.0
167,20200909,-2.1438834985328836,1.8559962506053802,0.14879572573889335,46.76,0.0,0.0,1.0,2.0,4.0,0.0,0.0,3.0
168,20200910,-1.0056025210999606,1.7794957212476414,0.13982774592105038,46.76,0.0,0.0,1.0,2.0,4.0,0.0,0.0,3.0
169,20200911,0.6840810807140353,1.3668972866040099,0.11672579440913457,46.76,0.0,0.0,1.0,2.0,4.0,0.0,0.0,3.0
170,20200914,0.3311720378060422,1.1853819095675195,0.10265050554040375,46.76,0.0,0.0,1.0,2.0,4.0,0.0,0.0,3.0
171,20200915,0.6801685675470373,1.1603115176316496,0.09691313332359643,81.94,3.0,0.0,3.0,2.0,4.0,2.0,2.0,3.0
172,20200916,-0.17152462492984624,1.2355422870849924,0.10211394635593544,81.94,3.0,0.0,3.0,2.0,4.0,2.0,2.0,3.0
173,20200917,-0.2627915640049256,1.277617607962964,0.11330873098049153,81.94,3.0,0.0,3.0,2.0,4.0,2.0,2.0,3.0
174,20200918,2.133665978659359,1.5695824291759572,0.1264328224990074,81.94,3.0,0.0,3.0,2.0,4.0,2.0,2.0,3.0
175,20200921,-0.5967663402282284,1.0674903637055473,0.09134398495089491,75.46,3.0,0.0,2.0,2.0,3.0,2.0,2.0,3.0
176,20200922,-1.4882957376176258,1.1074520949453954,0.0945113254998284,71.76,3.0,0.0,2.0,2.0,3.0,2.0,2.0,3.0
177,20200923,0.11300679616503556,1.166264744761069,0.10456592778408069,63.43,3.0,0.0,2.0,2.0,3.0,0.0,2.0,3.0
178,20200924,-2.0436540922128024,1.0323180936771361,0.08436099574172595,63.43,3.0,0.0,2.0,2.0,3.0,0.0,2.0,3.0
179,20200925,-0.12682248162917,1.1444464191738586,0.09979487072635825,63.43,3.0,0.0,2.0,2.0,3.0,0.0,2.0,3.0
180,20200928,-0.20841356233270986,1.168856903311999,0.09621553474506862,54.17,0.0,0.0,2.0,2.0,3.0,0.0,2.0,3.0
181,20200929,0.3839022498733824,1.0573571217243773,0.08380340488321106,54.17,0.0,0.0,2.0,2.0,3.0,0.0,2.0,3.0
182,20200930,-0.3358828496872712,1.0674046005261133,0.08654538877795426,54.17,0.0,0.0,2.0,2.0,3.0,0.0,2.0,3.0
183,20201009,1.9950733951332231,1.571962774050206,0.13191773458002315,54.17,0.0,0.0,2.0,2.0,3.0,0.0,2.0,3.0
184,20201012,2.539091676741104,1.443667655556441,0.12957337466817362,61.57,3.0,0.0,2.0,2.0,3.0,0.0,2.0,3.0
185,20201013,0.13817939105165858,1.3693496198984654,0.11691689884672461,61.57,3.0,0.0,2.0,2.0,3.0,0.0,2.0,3.0
186,20201014,-0.7876687180369063,1.272442873914292,0.10644218478052944,61.57,3.0,0.0,2.0,2.0,3.0,0.0,2.0,3.0
187,20201015,-0.2786905551278939,1.106888586627462,0.09831404022418934,61.57,3.0,0.0,2.0,2.0,3.0,0.0,2.0,3.0
188,20201016,-0.11789620867054967,1.17003112899734,0.09719418436484457,61.57,3.0,0.0,2.0,2.0,3.0,0.0,2.0,3.0
189,20201019,-0.7482717910966528,1.1953953892461866,0.09905663347014629,61.57,3.0,0.0,2.0,2.0,3.0,0.0,2.0,3.0
190,20201020,0.6051135077425175,1.214880726013477,0.10135914218954246,61.57,3.0,0.0,2.0,2.0,3.0,0.0,2.0,3.0
191,20201021,-0.26500931030374175,1.299697124429261,0.10773982678893082,61.57,3.0,0.0,2.0,2.0,3.0,0.0,2.0,3.0
192,20201022,-0.5559885866327379,1.328317616324577,0.17632257722816339,61.57,3.0,0.0,2.0,2.0,3.0,0.0,2.0,3.0
193,20201023,-1.066863799187522,1.4136080637037833,0.11229331338903743,61.57,3.0,0.0,2.0,2.0,3.0,0.0,2.0,3.0
194,20201026,-0.6053207133198136,1.6170704328184313,0.13437977652903446,81.94,3.0,0.0,3.0,2.0,4.0,2.0,2.0,3.0
195,20201027,0.1331359963435862,1.305428120371482,0.1082188662767094,81.94,3.0,0.0,3.0,2.0,4.0,2.0,2.0,3.0
196,20201028,0.4714753774618691,1.5912444780774087,0.13511942292691004,81.94,3.0,0.0,3.0,2.0,4.0,2.0,2.0,3.0
197,20201029,0.32558971984344737,1.6073098300409487,0.13671249549668307,81.94,3.0,0.0,3.0,2.0,4.0,2.0,2.0,3.0
198,20201030,-1.7351773223706621,1.7841456822644797,0.14415359983434103,68.98,2.0,0.0,2.0,2.0,4.0,1.0,2.0,3.0
199,20201102,0.08486419748525412,2.224909933381643,0.17785720723788623,63.43,2.0,0.0,2.0,2.0,4.0,1.0,2.0,3.0
200,20201103,1.5390358720450683,1.3156412848883685,0.1061952325640808,63.43,2.0,0.0,2.0,2.0,4.0,1.0,2.0,3.0
201,20201104,0.25142422151502825,1.4380896770409042,0.12612733310018737,63.43,2.0,0.0,2.0,2.0,4.0,1.0,2.0,3.0
202,20201105,1.5310893948329811,1.4876901487662246,0.12895420421758247,63.43,2.0,0.0,2.0,2.0,4.0,1.0,2.0,3.0
203,20201106,-0.04043278203980461,1.4942420493227369,0.12360825728426128,63.43,2.0,0.0,2.0,2.0,4.0,1.0,2.0,3.0
204,20201109,2.0028421291695397,1.5767552677775911,0.12469596078541145,63.43,2.0,0.0,2.0,2.0,4.0,1.0,2.0,3.0
205,20201110,-0.6758253424186826,1.6802855824687373,0.14000101157069564,63.43,2.0,0.0,2.0,2.0,4.0,1.0,2.0,3.0
206,20201111,-0.9112652961470987,1.8520377187251713,0.1438402138908186,63.43,2.0,0.0,2.0,2.0,4.0,1.0,2.0,3.0
207,20201112,0.048694041762165234,1.2572068617410008,0.10113106105095254,63.43,2.0,0.0,2.0,2.0,4.0,1.0,2.0,3.0
208,20201113,-0.5810297016407635,1.375825980732694,0.11310191494455855,63.43,2.0,0.0,2.0,2.0,4.0,1.0,2.0,3.0
209,20201116,1.1427968959302939,1.5955624534414725,0.13380572433245796,63.43,2.0,0.0,2.0,2.0,4.0,1.0,2.0,3.0
210,20201117,-0.07031049824371896,1.5894527522842834,0.13601923349652975,63.43,2.0,0.0,2.0,2.0,4.0,1.0,2.0,3.0
211,20201118,0.0441848424598313,1.4596202133523575,0.12672799005554386,63.43,2.0,0.0,2.0,2.0,4.0,1.0,2.0,3.0
212,20201119,0.3900244146427205,1.315904608389377,0.11707498403266411,63.43,2.0,0.0,2.0,2.0,4.0,1.0,2.0,3.0
213,20201120,0.5331615179412252,1.305895902061792,0.1124291292861004,76.39,3.0,0.0,3.0,2.0,4.0,1.0,2.0,3.0
214,20201123,0.997050767105058,1.647616585720027,0.1290637016769663,76.39,3.0,0.0,3.0,2.0,4.0,1.0,2.0,3.0
215,20201124,-0.29100887009876514,1.2718417339790649,0.11233933852040676,81.94,3.0,0.0,3.0,2.0,4.0,2.0,2.0,3.0
216,20201125,-1.365865090589148,1.303270535378346,0.10473014128198559,81.94,3.0,0.0,3.0,2.0,4.0,2.0,2.0,3.0
217,20201126,0.015001120112437216,1.2860221058859047,0.10437483550106912,81.94,3.0,0.0,3.0,2.0,4.0,2.0,2.0,3.0
218,20201127,0.9825315464245964,1.2973971242117266,0.10231642950684183,81.94,3.0,0.0,3.0,2.0,4.0,2.0,2.0,3.0
219,20201130,-0.019198487257509028,1.457676753913178,0.11926606531339261,81.94,3.0,0.0,3.0,2.0,4.0,2.0,2.0,3.0
220,20201201,1.711423444223755,1.4158879035420207,0.11386465466297026,81.94,3.0,0.0,3.0,2.0,4.0,2.0,2.0,3.0
221,20201202,0.08963604697787506,1.273023925718219,0.11210785807551563,81.94,3.0,0.0,3.0,2.0,4.0,2.0,2.0,3.0
222,20201203,-0.2806140556801845,1.3904777143537546,0.1142346244570788,81.94,3.0,0.0,3.0,2.0,4.0,2.0,2.0,3.0
223,20201204,-0.1642825015634516,1.3417007423024154,0.11082487404073636,81.94,3.0,0.0,3.0,2.0,4.0,2.0,2.0,3.0
224,20201207,-1.1487624686984124,1.264746767171596,0.12056402408401266,81.94,3.0,0.0,3.0,2.0,4.0,2.0,2.0,3.0
225,20201208,-0.30015682654858544,0.9596109208069995,0.07844480575281758,78.24,3.0,0.0,2.0,2.0,4.0,2.0,2.0,3.0
226,20201209,-1.6003317018728989,1.384716065698569,0.11125879015354315,78.24,3.0,0.0,2.0,2.0,4.0,2.0,2.0,3.0
227,20201210,-0.21460025730534785,1.2293515505517296,0.10625225231105921,78.24,3.0,0.0,2.0,2.0,4.0,2.0,2.0,3.0
228,20201211,-1.0635434522135434,1.3355472498140648,0.11050558812829174,78.24,3.0,0.0,2.0,2.0,4.0,2.0,2.0,3.0
229,20201214,0.23914815886226898,1.5570489047548124,0.12923404386623927,78.24,3.0,0.0,2.0,2.0,4.0,2.0,2.0,3.0
230,20201215,0.163969307882624,1.2936441271684234,0.104582653530774,78.24,3.0,0.0,2.0,2.0,4.0,2.0,2.0,3.0
231,20201216,-0.277370572709471,1.1672645017538046,0.09389236674476209,78.24,3.0,0.0,2.0,2.0,4.0,2.0,2.0,3.0
232,20201217,1.2058042703568717,1.3625020366526202,0.11115961585505889,78.24,3.0,0.0,2.0,2.0,4.0,2.0,2.0,3.0
233,20201218,-0.009254641625625032,1.5187665431511377,0.12056041403477523,78.24,3.0,0.0,2.0,2.0,4.0,2.0,2.0,3.0
234,20201221,0.8085102140261061,1.5979135893585783,0.12950896050390512,78.24,3.0,0.0,2.0,2.0,4.0,2.0,2.0,3.0
235,20201222,-2.302425483037953,1.7355143421048647,0.13178283378128763,78.24,3.0,0.0,2.0,2.0,4.0,2.0,2.0,3.0
236,20201223,0.7516817333821453,1.5617911824189101,0.1344856995104013,78.24,3.0,0.0,2.0,2.0,4.0,2.0,2.0,3.0
237,20201224,-0.7437354445293866,1.642366355557053,0.12871974609079903,78.24,3.0,0.0,2.0,2.0,4.0,2.0,2.0,3.0
238,20201225,1.0597538353696814,1.5690239905150931,0.13000839680357426,78.24,3.0,0.0,2.0,2.0,4.0,2.0,2.0,3.0
239,20201228,-0.21810116449943417,1.681480643536984,0.14439104083557378,78.24,3.0,0.0,2.0,2.0,4.0,2.0,2.0,3.0
240,20201229,-0.26345621713635403,1.863313068329191,0.16326830826837463,78.24,3.0,0.0,2.0,2.0,4.0,2.0,2.0,3.0
241,20201230,0.9003779679034533,1.4629388143113842,0.11796680122443569,78.24,3.0,0.0,2.0,2.0,4.0,2.0,2.0,3.0
242,20201231,1.7531365330279618,1.55181897751339,0.11846113984551122,78.24,3.0,0.0,2.0,2.0,4.0,2.0,2.0,3.0
243,20210104,0.9736929127974737,2.3524103295834706,0.1853338626540846,78.24,3.0,0.0,2.0,2.0,4.0,2.0,2.0,3.0
244,20210105,1.044137610302515,2.4633804648356032,0.18738944473633556,78.24,3.0,0.0,2.0,2.0,4.0,2.0,2.0,3.0
245,20210106,0.23664993592066963,1.9147212272298078,0.14810728390577796,78.24,3.0,0.0,2.0,2.0,4.0,2.0,2.0,3.0
246,20210107,0.6674306622067876,2.5016764101641025,0.19215273965531665,78.24,3.0,0.0,2.0,2.0,4.0,2.0,2.0,3.0
247,20210108,0.552442221473113,2.034398952502601,0.16032185729867857,78.24,3.0,0.0,2.0,2.0,4.0,2.0,2.0,3.0
248,20210111,-1.5142362920072368,2.2333931072258997,0.17376459908679648,78.24,3.0,0.0,2.0,2.0,4.0,2.0,2.0,3.0
249,20210112,1.9942217567282379,1.9988340651385739,0.1546739485244096,78.24,3.0,0.0,2.0,2.0,4.0,2.0,2.0,3.0
250,20210113,-0.10483866509260158,2.3332694075507083,0.1769309992465214,78.24,3.0,0.0,2.0,2.0,4.0,2.0,2.0,3.0
251,20210114,-1.0398556156791745,2.2382649291415833,0.17929183450665712,78.24,3.0,0.0,2.0,2.0,4.0,2.0,2.0,3.0
252,20210115,-0.25708123773840386,1.7803741120781973,0.14764175317594241,78.24,3.0,0.0,2.0,2.0,4.0,2.0,2.0,3.0
253,20210118,1.0328767424812042,1.7336207120439326,0.14239189843547448,78.24,3.0,0.0,2.0,2.0,4.0,2.0,2.0,3.0
254,20210119,-0.7516286685823206,2.0109743609174364,0.15292502318654955,78.24,3.0,0.0,2.0,2.0,4.0,2.0,2.0,3.0
255,20210120,0.33753688766141016,1.7072482505485802,0.13767978955782142,78.24,3.0,0.0,2.0,2.0,4.0,2.0,2.0,3.0
256,20210121,1.0823930440762062,1.8132860987604948,0.14500230556628743,78.24,3.0,0.0,2.0,2.0,4.0,2.0,2.0,3.0
257,20210122,-0.6351179387200399,2.280910651106841,0.1794314561267261,78.24,3.0,0.0,2.0,2.0,4.0,2.0,2.0,3.0
258,20210125,-0.11593330305225563,2.2061077304484162,0.17400059166836976,78.24,3.0,0.0,2.0,2.0,4.0,2.0,2.0,3.0
259,20210126,-1.313945447940302,2.412131236654448,0.18551603373431783,78.24,3.0,0.0,2.0,2.0,4.0,2.0,2.0,3.0
260,20210127,0.282939034227805,1.6527705299104913,0.14107479585752827,78.24,3.0,0.0,2.0,2.0,4.0,2.0,2.0,3.0
261,20210128,-2.12191651995191,2.026260101255151,0.15609335255479934,78.24,3.0,0.0,2.0,2.0,4.0,2.0,2.0,3.0
262,20210129,-0.8079022004404433,1.9352737112980292,0.1486534439024736,78.24,3.0,0.0,2.0,2.0,4.0,2.0,2.0,3.0
263,20210201,0.8716945645847962,2.378931505844722,0.2022709333612873,78.24,3.0,0.0,2.0,2.0,4.0,2.0,2.0,3.0
264,20210202,0.9067401510970167,2.2299077706157275,0.17692385922842283,78.24,3.0,0.0,2.0,2.0,4.0,2.0,2.0,3.0
265,20210203,-0.7654488252084795,1.9004381727449737,0.15702895226388905,78.24,3.0,0.0,2.0,2.0,4.0,2.0,2.0,3.0
266,20210204,-1.1825706042542186,2.0173639650667847,0.15843050643827786,78.24,3.0,0.0,2.0,2.0,4.0,2.0,2.0,3.0
267,20210205,-0.456895522980269,2.4604830211095408,0.19082072332045674,78.24,3.0,0.0,2.0,2.0,4.0,2.0,2.0,3.0
268,20210208,1.304510741781397,2.183196902952265,0.17383539431720654,78.24,3.0,0.0,2.0,2.0,4.0,2.0,2.0,3.0
269,20210209,2.0741606674129565,1.9072156481371163,0.14647688837800812,78.24,3.0,0.0,2.0,2.0,4.0,2.0,2.0,3.0
270,20210210,1.1870053344017644,1.8895093648619894,0.1500029576518215,78.24,3.0,0.0,2.0,2.0,4.0,2.0,2.0,3.0
271,20210218,1.2597720763947886,2.4682716588887152,0.2006058250719072,78.24,3.0,0.0,2.0,2.0,4.0,2.0,2.0,3.0
272,20210219,1.1436234737360573,2.2021566120462093,0.17461261797466263,78.24,3.0,0.0,2.0,2.0,4.0,2.0,2.0,3.0
273,20210222,-0.9558418750296195,2.9228703320188343,0.23235362411280325,61.57,1.0,0.0,2.0,2.0,4.0,0.0,1.0,3.0
274,20210223,-0.4116151400964061,1.8463715196733874,0.1542682512866011,61.57,1.0,0.0,2.0,2.0,4.0,0.0,1.0,3.0
275,20210224,-1.5431658394313135,2.268843300383421,0.17465335806801915,61.57,1.0,0.0,2.0,2.0,4.0,0.0,1.0,3.0
276,20210225,0.5190617266232754,1.9961527022937178,0.1547341010233938,61.57,1.0,0.0,2.0,2.0,4.0,0.0,1.0,3.0
277,20210226,-2.0167863026336295,1.8513737031910218,0.14797883818796487,61.57,1.0,0.0,2.0,2.0,4.0,0.0,1.0,3.0
278,20210301,1.474011955235397,1.8756270608189016,0.14572957939535933,56.02,1.0,0.0,2.0,2.0,4.0,0.0,1.0,3.0
279,20210302,-1.0347657026816026,1.671375724097261,0.14210117147666187,56.02,1.0,0.0,2.0,2.0,4.0,0.0,1.0,3.0
280,20210303,1.5990800500605513,1.5887609110718672,0.13490674733748304,56.02,1.0,0.0,2.0,2.0,4.0,0.0,1.0,3.0
281,20210304,-2.0255034456631487,2.160029009635265,0.16612123108705834,56.02,1.0,0.0,2.0,2.0,4.0,0.0,1.0,3.0
282,20210305,-0.0496854732137803,1.9187215478291213,0.15410470817078536,56.02,1.0,0.0,2.0,2.0,4.0,0.0,1.0,3.0
283,20210308,-2.204512884443303,2.4480350429001474,0.18914849980220222,56.02,1.0,0.0,2.0,2.0,4.0,0.0,1.0,3.0
284,20210309,-1.894695414871998,2.20022232205477,0.16776529671020246,56.02,1.0,0.0,2.0,2.0,4.0,0.0,1.0,3.0
285,20210310,-0.4452935696312116,1.8373319283737466,0.145974012980825,56.02,1.0,0.0,2.0,2.0,4.0,0.0,1.0,3.0
286,20210311,2.2074864533464904,1.6107537188391428,0.1288877660760477,56.02,1.0,0.0,2.0,2.0,4.0,0.0,1.0,3.0
287,20210312,0.4484778400712951,1.6512493466037734,0.13566228624636426,56.02,1.0,0.0,2.0,2.0,4.0,0.0,1.0,3.0
288,20210315,-1.2076700103825346,2.2088720984151147,0.17225767040186662,51.39,1.0,0.0,1.0,1.0,4.0,0.0,1.0,3.0
289,20210316,0.5916284494839807,1.4178412607983317,0.12083376405598213,51.39,1.0,0.0,1.0,1.0,4.0,0.0,1.0,3.0
290,20210317,0.24815003795048782,1.633653713884012,0.1362880038537883,51.39,1.0,0.0,1.0,1.0,4.0,0.0,1.0,3.0
291,20210318,0.445643480807464,1.3985685084601995,0.11404563761962813,51.39,1.0,0.0,1.0,1.0,4.0,0.0,1.0,3.0
292,20210319,-1.8542775119245327,1.4914962600621695,0.11397473297954154,51.39,1.0,0.0,1.0,1.0,4.0,0.0,1.0,3.0
293,20210322,1.3231402636422138,1.4804755280898156,0.12366008270156889,51.39,1.0,0.0,1.0,1.0,4.0,0.0,1.0,3.0
294,20210323,-1.1539335108726976,1.637738198089972,0.12886049562101343,51.39,1.0,0.0,1.0,1.0,4.0,0.0,1.0,3.0
295,20210324,-1.6041634256622113,1.9429649484699822,0.15268429433938494,51.39,1.0,0.0,1.0,1.0,4.0,0.0,1.0,3.0
296,20210325,0.019266346808025123,1.3549682903159912,0.11802596475428098,51.39,1.0,0.0,1.0,1.0,4.0,0.0,1.0,3.0
297,20210326,1.7322993123073305,1.6112757085956424,0.12202673546816328,51.39,1.0,0.0,1.0,1.0,4.0,0.0,1.0,3.0
298,20210329,0.1423404536580632,1.3961601661586271,0.12231591477835176,44.44,1.0,0.0,1.0,1.0,1.0,0.0,1.0,3.0
299,20210330,0.26675244654877495,1.5131414460357315,0.13125180811098353,44.44,1.0,0.0,1.0,1.0,1.0,0.0,1.0,3.0
300,20210331,-0.4402419918069752,1.6299082870844122,0.1343267420422518,50.0,1.0,0.0,1.0,1.0,1.0,0.0,1.0,3.0
301,20210401,0.7152331080112987,1.2755969534889517,0.10582191059077733,50.0,1.0,0.0,1.0,1.0,1.0,0.0,1.0,3.0
302,20210402,0.2501211324697662,1.3417747081503892,0.10611987965612912,50.0,1.0,0.0,1.0,1.0,1.0,0.0,1.0,3.0
303,20210406,0.029008825741961425,1.2019382086746828,0.10932199474283044,78.24,3.0,0.0,2.0,2.0,4.0,2.0,2.0,3.0
304,20210407,0.15960395774971228,1.5137244632992175,0.13458073554284375,78.24,3.0,0.0,2.0,2.0,4.0,2.0,2.0,3.0
305,20210408,-0.11372032706707806,1.1407361089492307,0.09449074224334959,78.24,3.0,0.0,2.0,2.0,4.0,2.0,2.0,3.0
306,20210409,-0.7987545528970696,1.3024862609284018,0.1163865790242231,78.24,3.0,0.0,2.0,2.0,4.0,2.0,2.0,3.0
307,20210412,-1.6695503992543361,1.8590579481732086,0.1399453604084898,78.24,3.0,0.0,2.0,2.0,4.0,2.0,2.0,3.0
308,20210413,-0.5644252162375908,1.4125292027551177,0.12757476964860426,78.24,3.0,0.0,2.0,2.0,4.0,2.0,2.0,3.0
309,20210414,0.9415666755899783,1.2771750366330399,0.11254880491042779,78.24,3.0,0.0,2.0,2.0,4.0,2.0,2.0,3.0
310,20210415,-0.46030490497779797,1.2223457685518415,0.10335983811219848,78.24,3.0,0.0,2.0,2.0,4.0,2.0,2.0,3.0
311,20210416,0.851723672515608,1.314639587757995,0.11135342537485217,78.24,3.0,0.0,2.0,2.0,4.0,2.0,2.0,3.0
312,20210419,1.830655334693966,1.7651328826114256,0.13979548228564118,78.24,3.0,0.0,2.0,2.0,4.0,2.0,2.0,3.0
313,20210420,-0.3624984058040311,1.1855905932340423,0.1001584497442489,78.24,3.0,0.0,2.0,2.0,4.0,2.0,2.0,3.0
314,20210421,-0.03830471696432575,1.2399836786622789,0.10703624118488847,78.24,3.0,0.0,2.0,2.0,4.0,2.0,2.0,3.0
315,20210422,-0.14108525931637497,1.0528153194215089,0.09655117983430964,78.24,3.0,0.0,2.0,2.0,4.0,2.0,2.0,3.0
316,20210423,0.09667352530759615,1.3612457026196088,0.1141000774363696,78.24,3.0,0.0,2.0,2.0,4.0,2.0,2.0,3.0
317,20210426,-0.7289060590596869,1.576124193068774,0.12831772379621456,78.24,3.0,0.0,2.0,2.0,4.0,2.0,2.0,3.0
318,20210427,-0.33453638865962226,1.6015255984762982,0.13376458905488856,78.24,3.0,0.0,2.0,2.0,4.0,2.0,2.0,3.0
319,20210428,0.7525457904971208,1.5893100733002246,0.13337911183979617,78.24,3.0,0.0,2.0,2.0,4.0,2.0,2.0,3.0
320,20210429,0.6486945545908934,1.5654297495054483,0.1276388343603435,78.24,3.0,0.0,2.0,2.0,4.0,2.0,2.0,3.0
321,20210430,-1.0953369303485514,1.9243215101074926,0.1655794639735379,78.24,3.0,0.0,2.0,2.0,4.0,2.0,2.0,3.0
322,20210506,-0.3686921383870558,2.147222715553495,0.17560467327109525,63.43,1.0,0.0,2.0,2.0,4.0,1.0,1.0,3.0
323,20210507,-0.6420031522262513,1.8628481000452,0.14664670006787464,63.43,1.0,0.0,2.0,2.0,4.0,1.0,1.0,3.0
324,20210510,0.13697779346393493,2.018277786595622,0.1646221254248567,63.43,1.0,0.0,2.0,2.0,4.0,1.0,1.0,3.0
325,20210511,0.22505984578552793,1.7725482808165196,0.14897180760202972,63.43,1.0,0.0,2.0,2.0,4.0,1.0,1.0,3.0
326,20210512,0.4152577320247627,1.229590579934044,0.1129271496663829,61.57,1.0,0.0,2.0,2.0,4.0,1.0,1.0,3.0
327,20210513,-1.0543334634079133,1.5029655707633327,0.12341658516174352,61.57,1.0,0.0,2.0,2.0,4.0,1.0,1.0,3.0
328,20210514,1.9187481522056973,1.8899694463146415,0.146252026192294,67.13,3.0,0.0,2.0,2.0,4.0,1.0,1.0,3.0
329,20210517,0.7113867350677465,1.881379790043233,0.16420938532276458,68.98,3.0,0.0,2.0,2.0,4.0,1.0,1.0,3.0
330,20210518,0.3300612871922527,1.2285098508357075,0.1060300036782521,68.98,3.0,0.0,2.0,2.0,4.0,1.0,1.0,3.0
331,20210519,-0.48438662231910135,1.2873324146749883,0.12338760123541034,68.98,3.0,0.0,2.0,2.0,4.0,1.0,1.0,3.0
332,20210520,-0.13125310141615792,1.6881362542578913,0.1396249422669181,68.98,3.0,0.0,2.0,2.0,4.0,1.0,1.0,3.0
333,20210521,-0.9243760469114488,1.4837181991380899,0.17457371394456234,68.98,3.0,0.0,2.0,2.0,4.0,1.0,1.0,3.0
334,20210524,0.2936616666545117,1.4255630597093762,0.13163648032460162,68.98,3.0,0.0,2.0,2.0,4.0,1.0,1.0,3.0
335,20210525,2.08278554387189,1.5889981844231127,0.12903995504756502,68.98,3.0,0.0,2.0,2.0,4.0,1.0,1.0,3.0
336,20210526,0.25481777751179746,1.3802039376754238,0.11819856741745965,68.98,3.0,0.0,2.0,2.0,4.0,1.0,1.0,3.0
337,20210527,0.35859214464600303,1.2513083726062604,0.12261052929876902,68.98,3.0,0.0,2.0,2.0,4.0,1.0,1.0,3.0
338,20210528,-0.3695734841819236,1.3671782711925946,0.11608093248006325,68.98,3.0,0.0,2.0,2.0,4.0,1.0,1.0,3.0
339,20210531,0.13573109674672593,1.4343491470585552,0.12370892542459067,66.2,2.0,0.0,3.0,2.0,4.0,0.0,2.0,3.0
340,20210601,0.0011352870983743675,1.4633098619278964,0.16066895788776628,66.2,2.0,0.0,3.0,2.0,4.0,0.0,2.0,3.0
341,20210602,-0.7753706833287591,1.4048026621407375,0.11312880670381219,66.2,2.0,0.0,3.0,2.0,4.0,0.0,2.0,3.0
342,20210603,-0.3664162724009851,1.434692096487535,0.1629339165989138,66.2,2.0,0.0,3.0,2.0,4.0,0.0,2.0,3.0
343,20210604,0.1301039686207919,1.3954433120730214,0.1805462933049779,66.2,2.0,0.0,3.0,2.0,4.0,0.0,2.0,3.0
344,20210607,-0.0012194863254350234,1.4219744292297078,0.11728008537711257,66.2,2.0,0.0,3.0,2.0,4.0,0.0,2.0,3.0
345,20210608,-0.3723529255197026,1.4786549568804412,0.14402995954497003,66.2,2.0,0.0,3.0,2.0,4.0,0.0,2.0,3.0
346,20210609,-0.0808694284389832,1.246400568180458,0.10383305954470953,66.2,2.0,0.0,3.0,2.0,4.0,0.0,2.0,3.0
347,20210610,0.1413145831298133,1.2876580313897183,0.11954426195991731,66.2,2.0,0.0,3.0,2.0,4.0,0.0,2.0,3.0
348,20210611,-0.9552568107504599,1.6796386458930723,0.13454484798397984,69.91,2.0,0.0,3.0,2.0,4.0,0.0,2.0,3.0
349,20210615,-1.3884628316580565,1.5204241079563419,0.12675106879401382,78.24,2.0,0.0,3.0,2.0,4.0,2.0,2.0,3.0
350,20210616,-1.0361573824638948,1.9738155356823015,0.18773060422778629,78.24,2.0,0.0,3.0,2.0,4.0,2.0,2.0,3.0
351,20210617,0.028693286609776568,1.3310024042983284,0.12449852610377518,78.24,2.0,0.0,3.0,2.0,4.0,2.0,2.0,3.0
352,20210618,0.06187788152706222,1.9100755503948852,0.20352780040328158,78.24,2.0,0.0,3.0,2.0,4.0,2.0,2.0,3.0
353,20210621,-0.010225574905328076,1.6175089684666224,0.1313344368997417,78.24,2.0,0.0,3.0,2.0,4.0,2.0,2.0,3.0
354,20210622,0.47495361235283984,1.4009457186801404,0.12915002357649313,78.24,2.0,0.0,3.0,2.0,4.0,2.0,2.0,3.0
355,20210623,0.4069333762440576,1.6307157050450976,0.17695336155359723,78.24,2.0,0.0,3.0,2.0,4.0,2.0,2.0,3.0
356,20210624,-0.19333626627979894,1.4444284975195438,0.1884748643354239,74.54,2.0,0.0,2.0,2.0,4.0,2.0,2.0,3.0
357,20210625,1.1489665081700218,1.4041743159734088,0.11690111466131761,74.54,2.0,0.0,2.0,2.0,4.0,2.0,2.0,3.0
358,20210628,-0.04927814451626879,1.6491226080966803,0.13930582716528592,74.54,2.0,0.0,2.0,2.0,4.0,2.0,2.0,3.0
359,20210629,-1.0206824479959644,1.250343548255326,0.10798567677075949,74.54,2.0,0.0,2.0,2.0,4.0,2.0,2.0,3.0
360,20210630,0.5316188091460844,1.248186480630689,0.11150194973091217,74.54,2.0,0.0,2.0,2.0,4.0,2.0,2.0,3.0
361,20210701,-0.6842300035246623,2.0273103684120786,0.18148441112319205,74.54,2.0,0.0,2.0,2.0,4.0,2.0,2.0,3.0
362,20210702,-1.6023375109440718,1.7058845086243204,0.12973208968511635,68.98,2.0,0.0,2.0,2.0,4.0,2.0,2.0,3.0
363,20210705,-0.006498196994016313,1.803146312205371,0.17626644849975523,68.98,2.0,0.0,2.0,2.0,4.0,2.0,2.0,3.0
364,20210706,0.21277895583668452,1.5847701859309484,0.13755090240689938,68.98,2.0,0.0,2.0,2.0,4.0,2.0,2.0,3.0
365,20210707,0.5479321528459207,1.588415549820635,0.13086012838458166,81.94,3.0,0.0,3.0,2.0,4.0,2.0,2.0,3.0
366,20210708,-0.8986246457962318,1.6027599811130657,0.1376107439582186,81.94,3.0,0.0,3.0,2.0,4.0,2.0,2.0,3.0
367,20210709,0.19010312343888974,1.607831654226371,0.1473170844853084,81.94,3.0,0.0,3.0,2.0,4.0,2.0,2.0,3.0
368,20210712,0.7997176832625082,1.8471980529844694,0.1579421164644218,81.94,3.0,0.0,3.0,2.0,4.0,2.0,2.0,3.0
369,20210713,0.5186037349505258,1.53812521535897,0.13899325492377299,81.94,3.0,0.0,3.0,2.0,4.0,2.0,2.0,3.0
370,20210714,-1.239714562830173,1.5824290542156996,0.1550332070742556,81.94,3.0,0.0,3.0,2.0,4.0,2.0,2.0,3.0
371,20210715,0.4700357178258294,1.6255633787406796,0.1382790656522549,81.94,3.0,0.0,3.0,2.0,4.0,2.0,2.0,3.0
372,20210716,-0.29113174032466654,1.7494339414811613,0.17619413428672615,81.94,3.0,0.0,3.0,2.0,4.0,2.0,2.0,3.0
373,20210719,-0.13403652557507906,1.5594052320322414,0.1285681000191615,81.94,3.0,0.0,3.0,2.0,4.0,2.0,2.0,3.0
374,20210720,-0.18749659975252686,1.2938516092510195,0.11958590415519407,70.83,3.0,0.0,3.0,2.0,4.0,0.0,2.0,2.0
375,20210721,0.35215442370303157,1.771606832946031,0.16265723340228228,70.83,3.0,0.0,3.0,2.0,4.0,0.0,2.0,2.0
376,20210722,0.5560767369746374,1.7729990563005074,0.15486151113613242,70.83,3.0,0.0,3.0,2.0,4.0,0.0,2.0,2.0
377,20210723,-0.7776153416904645,1.8270764657751475,0.1496334953300931,70.83,3.0,0.0,3.0,2.0,4.0,0.0,2.0,2.0
378,20210726,-2.5068735463475575,2.098809514279591,0.16874843895387376,70.83,3.0,0.0,3.0,2.0,4.0,0.0,2.0,2.0
379,20210727,-2.4240132228720666,2.2673706729979752,0.17206036686505058,70.83,3.0,0.0,3.0,2.0,4.0,0.0,2.0,2.0
380,20210728,-0.9860568438544318,2.160481900136057,0.1578499448873462,70.83,3.0,0.0,3.0,2.0,4.0,0.0,2.0,2.0
381,20210729,1.181822265029504,2.0544062404277152,0.16360986438441885,70.83,3.0,0.0,3.0,2.0,4.0,0.0,2.0,2.0
382,20210730,-0.017707360428555988,2.097079683087049,0.17177106346518975,70.83,3.0,0.0,3.0,2.0,4.0,0.0,2.0,2.0
383,20210802,2.0793218365239383,2.2143461271294913,0.18695499319707481,70.83,3.0,0.0,3.0,2.0,4.0,0.0,2.0,2.0
384,20210803,-0.1606274821550081,1.8620537082477906,0.16402741589121334,70.83,3.0,0.0,3.0,2.0,4.0,0.0,2.0,2.0
385,20210804,0.5605968806230575,1.7924347481405343,0.14769275165374599,70.83,3.0,0.0,3.0,2.0,4.0,0.0,2.0,2.0
386,20210805,-0.6161343582295086,1.5787486924746048,0.13030074985536663,70.83,3.0,0.0,3.0,2.0,4.0,0.0,2.0,2.0
387,20210806,-0.16891892656325067,1.492079303040011,0.13360963834216305,70.83,3.0,0.0,3.0,2.0,4.0,0.0,2.0,2.0
388,20210809,1.4950479277669464,1.85047992891264,0.15050807407563993,70.83,3.0,0.0,3.0,2.0,4.0,0.0,2.0,2.0
389,20210810,0.8157027652549771,1.4040303140173152,0.12269338785243476,70.83,3.0,0.0,3.0,2.0,4.0,0.0,2.0,2.0
390,20210811,0.1629141550492574,1.5909009723315346,0.13544982707076547,70.83,3.0,0.0,3.0,2.0,4.0,0.0,2.0,2.0
391,20210812,-0.2035025678003758,1.6603374838058802,0.1486096888669069,70.83,3.0,54.5,3.0,2.0,4.0,0.0,2.0,2.0
392,20210813,-0.2936117909371144,1.4046149974850852,0.13364899561911744,70.83,3.0,54.5,3.0,2.0,4.0,0.0,2.0,2.0
393,20210816,0.3204440398076732,1.4560490454947863,0.13138230925834432,70.83,3.0,54.5,3.0,2.0,4.0,0.0,2.0,2.0
394,20210817,-1.5083601303840095,1.770712287465505,0.14132865140418163,70.83,3.0,54.5,3.0,2.0,4.0,0.0,2.0,2.0
395,20210818,1.4125534068510588,2.0878068309153854,0.1658898030126248,70.83,3.0,54.5,3.0,2.0,4.0,0.0,2.0,2.0
396,20210819,-0.5428402827845585,1.8812462693516918,0.15053551637623244,70.83,3.0,54.5,3.0,2.0,4.0,0.0,2.0,2.0
397,20210820,-0.8683464093414549,1.8035097982225483,0.14889636865452893,70.83,3.0,54.5,3.0,2.0,4.0,0.0,2.0,2.0
398,20210823,1.2740389386699702,1.9181093997858694,0.15068377620048876,70.83,3.0,54.5,3.0,2.0,4.0,0.0,2.0,2.0
399,20210824,0.6934387338995202,1.5707349695443995,0.13083502303161965,70.83,3.0,54.5,3.0,2.0,4.0,0.0,2.0,2.0
400,20210825,0.5473167046115843,1.9243687944878007,0.15531113432989896,70.83,3.0,54.5,3.0,2.0,4.0,0.0,2.0,2.0
401,20210826,-0.8559767934258091,1.9575421917382756,0.16556293827306526,70.83,3.0,62.38,3.0,2.0,4.0,0.0,2.0,2.0
402,20210827,0.2074387551846925,1.7818025638247794,0.15310371776154338,70.83,3.0,62.38,3.0,2.0,4.0,0.0,2.0,2.0
403,20210830,-0.036803784991233074,2.504241395808706,0.19667620131141073,70.83,3.0,62.38,3.0,2.0,4.0,0.0,2.0,2.0
404,20210831,0.858883897384159,2.2105580470446524,0.1868285590906055,70.83,3.0,62.38,3.0,2.0,4.0,0.0,2.0,2.0
405,20210901,1.386409223073811,2.640505347215707,0.21589563791747454,70.83,3.0,62.38,3.0,2.0,4.0,0.0,2.0,2.0
406,20210902,0.8614103657948292,2.1241066643802062,0.1744505339724981,70.83,3.0,62.38,3.0,2.0,4.0,0.0,2.0,2.0
407,20210903,-0.3025819538486122,2.0740511630627942,0.16810876995281357,70.83,3.0,62.38,3.0,2.0,4.0,0.0,2.0,2.0
408,20210906,1.5203370944183896,1.8160873944103433,0.14157674005811266,70.83,3.0,68.01,3.0,2.0,4.0,0.0,2.0,2.0
409,20210907,1.2351534885588464,1.5345688998605096,0.12394628573743421,70.83,3.0,68.01,3.0,2.0,4.0,0.0,2.0,2.0
410,20210908,0.49932444651209434,1.7955292370523324,0.15039086712719235,70.83,3.0,68.01,3.0,2.0,4.0,0.0,2.0,2.0
411,20210909,0.5573465293348316,1.986521945331884,0.1656626401527531,70.83,3.0,68.01,3.0,2.0,4.0,0.0,2.0,2.0
412,20210910,0.022438606165176123,1.8312798399890913,0.149640765538657,70.83,3.0,68.01,3.0,2.0,4.0,0.0,2.0,2.0
413,20210913,0.3299141030112419,2.162097968988925,0.1682463841979963,70.83,3.0,68.01,3.0,2.0,4.0,0.0,2.0,2.0
414,20210914,-2.2042540779496056,1.6272589271441098,0.12928417180196472,70.83,3.0,68.01,3.0,2.0,4.0,0.0,2.0,2.0
415,20210915,-0.3974447591731536,1.6680330824038878,0.14257455442801187,70.83,3.0,70.94,3.0,2.0,4.0,0.0,2.0,2.0
416,20210916,-1.447704977113922,1.7809502273732083,0.1501868598247799,70.83,3.0,70.94,3.0,2.0,4.0,0.0,2.0,2.0
417,20210917,0.3814558750804234,2.143722962060852,0.1680950917854753,70.83,3.0,70.94,3.0,2.0,4.0,0.0,2.0,2.0
418,20210922,0.313366991228062,2.421094937021479,0.1933353158282051,76.39,3.0,71.69,3.0,2.0,4.0,1.0,2.0,2.0
419,20210923,1.0703917014040985,1.7648537870397771,0.14676890970465226,76.39,3.0,71.69,3.0,2.0,4.0,1.0,2.0,2.0
420,20210924,-1.0773500023382134,2.0528594693535456,0.16810845909880318,76.39,3.0,71.69,3.0,2.0,4.0,1.0,2.0,2.0
421,20210927,-1.3592736328219328,2.756756071820349,0.21401069981769502,76.39,3.0,71.69,3.0,2.0,4.0,1.0,2.0,2.0
422,20210928,0.768454578055785,1.936483138718051,0.15599160135638632,76.39,3.0,73.49,3.0,2.0,4.0,1.0,2.0,2.0
423,20210929,-1.8088968609899603,2.041025850425954,0.16053334430265812,76.39,3.0,73.49,3.0,2.0,4.0,1.0,2.0,2.0
424,20210930,0.6038324485130816,1.463187756627607,0.11786422999919788,76.39,3.0,73.49,3.0,2.0,4.0,1.0,2.0,2.0
425,20211008,1.0560074018286396,2.2840494164016567,0.1916334401176148,76.39,3.0,73.49,3.0,2.0,4.0,1.0,2.0,2.0
426,20211011,-0.007618835119503594,1.812032537567722,0.15118433018813265,76.39,3.0,73.49,3.0,2.0,4.0,1.0,2.0,2.0
427,20211012,-1.575999752831473,1.6718987583892762,0.12929493102018252,76.39,3.0,73.49,3.0,2.0,4.0,1.0,2.0,2.0
428,20211013,0.27892071255399825,1.6801428020922617,0.14150884621705917,76.39,3.0,73.49,3.0,2.0,4.0,1.0,2.0,2.0
429,20211014,-0.2053290261426645,1.5137149945865869,0.13055428050496098,76.39,3.0,73.49,3.0,2.0,4.0,1.0,2.0,2.0
430,20211015,-0.11858391575007983,1.4644564758480925,0.1199533590529607,76.39,3.0,73.49,3.0,2.0,4.0,1.0,2.0,2.0
431,20211018,-0.016811537030861745,1.8375673933864445,0.15321171229297195,76.39,3.0,73.49,3.0,2.0,4.0,1.0,2.0,2.0
432,20211019,0.7589330578874668,1.4339103547817613,0.12060511374348837,70.83,3.0,73.49,3.0,2.0,4.0,0.0,2.0,2.0
433,20211020,-0.422923961784256,1.5392505443906828,0.13972753897135992,70.83,3.0,73.49,3.0,2.0,4.0,0.0,2.0,2.0
434,20211021,0.19954961327728316,1.4170363045906038,0.11306064814274092,70.83,3.0,73.49,3.0,2.0,4.0,0.0,2.0,2.0
435,20211022,-0.28121430571345835,1.7831422587072039,0.14802559231871143,70.83,3.0,73.49,3.0,2.0,4.0,0.0,2.0,2.0
436,20211025,0.25544092794335777,1.664151758597872,0.13900779480775613,70.83,3.0,74.87,3.0,2.0,4.0,0.0,2.0,2.0
437,20211026,-0.26669598972847,1.5352574877288439,0.13216728258998334,70.83,3.0,74.87,3.0,2.0,4.0,0.0,2.0,2.0
438,20211027,-1.4396129218937956,1.7230570755161752,0.14510037194798409,70.83,3.0,74.87,3.0,2.0,4.0,0.0,2.0,2.0
439,20211028,-1.017487588106564,1.8058218610831236,0.14878842942937162,70.83,3.0,74.87,3.0,2.0,4.0,0.0,2.0,2.0
440,20211029,0.7530019240981081,1.8939388870359393,0.16515424436982648,70.83,3.0,75.07,3.0,2.0,4.0,0.0,2.0,2.0
441,20211101,-0.004742055925438323,1.985352134277278,0.16947610951515882,70.83,3.0,75.07,3.0,2.0,4.0,0.0,2.0,2.0
442,20211102,-1.2989822122087822,1.873537287434008,0.14989912186602314,70.83,3.0,75.07,3.0,2.0,4.0,0.0,2.0,2.0
443,20211103,0.31707559941346364,1.3560805044176694,0.11914008768592792,70.83,3.0,75.07,3.0,2.0,4.0,0.0,2.0,2.0
444,20211104,0.4833032357632927,1.4969187661096564,0.12551886977891652,70.83,3.0,75.07,3.0,2.0,4.0,0.0,2.0,2.0
445,20211105,-0.9048150393612537,1.6370511352537473,0.13176584257915874,70.83,3.0,75.21,3.0,2.0,4.0,0.0,2.0,2.0
446,20211108,0.2605289105129417,1.499866667677304,0.12854602967615159,70.83,3.0,75.21,3.0,2.0,4.0,0.0,2.0,2.0
447,20211109,0.017130173344987475,1.077770820904918,0.08819605101211647,70.83,3.0,75.21,3.0,2.0,4.0,0.0,2.0,2.0
448,20211110,-0.26432569638447734,1.346460148845146,0.11620173584846007,70.83,3.0,75.21,3.0,2.0,4.0,0.0,2.0,2.0
449,20211111,1.5313058010472598,1.6877817580235028,0.14226735417019507,70.83,3.0,75.21,3.0,2.0,4.0,0.0,2.0,2.0
450,20211112,-0.1103433179906815,1.2608520557123606,0.10741868801603845,70.83,3.0,75.31,3.0,2.0,4.0,0.0,2.0,2.0
451,20211115,-0.017756859468298667,1.4561844933738772,0.12376245287655857,65.28,3.0,75.31,3.0,2.0,4.0,0.0,2.0,2.0
452,20211116,-0.4141312957602352,1.51489140158643,0.13119579246170734,65.28,3.0,75.31,3.0,2.0,4.0,0.0,2.0,2.0
453,20211117,0.2349920749474358,1.1719717965008856,0.10004487479516273,65.28,3.0,75.31,3.0,2.0,4.0,0.0,2.0,2.0
454,20211118,-0.7587328597828974,1.3110199833959097,0.10621025607187141,65.28,3.0,75.31,3.0,2.0,4.0,0.0,2.0,2.0
455,20211119,1.3113131915158456,1.3520089329933342,0.11243353315847439,65.28,3.0,75.48,3.0,2.0,4.0,0.0,2.0,2.0
456,20211122,0.093893688620204,1.2776558547598562,0.10856876523032946,65.28,3.0,75.48,3.0,2.0,4.0,0.0,2.0,2.0
457,20211123,0.13581399791654877,1.0721200637723451,0.09312294868380663,65.28,3.0,75.48,3.0,2.0,4.0,0.0,2.0,2.0
458,20211124,0.03323527550223365,1.1761209978084504,0.1009577189519011,65.28,3.0,75.48,3.0,2.0,4.0,0.0,2.0,2.0
459,20211125,-0.339412026437295,1.0759508205376989,0.09910052630760567,65.28,3.0,75.48,3.0,2.0,4.0,0.0,2.0,2.0
460,20211126,-0.9076067389650198,1.0383920581344301,0.08717681371074128,65.28,3.0,75.48,3.0,2.0,4.0,0.0,2.0,2.0
461,20211129,-0.6733529084545956,1.2668992936554193,0.11396061880330809,70.83,3.0,77.88,3.0,2.0,4.0,0.0,2.0,2.0
462,20211130,0.08404451714142662,1.1752705523555205,0.1007722319872747,70.83,3.0,77.88,3.0,2.0,4.0,0.0,2.0,2.0
463,20211201,0.8038399298519486,1.3315953361864168,0.125767398389957,70.83,3.0,77.88,3.0,2.0,4.0,0.0,2.0,2.0
464,20211202,0.18079370003575057,1.3619751245302247,0.11592886342765046,70.83,3.0,77.88,3.0,2.0,4.0,0.0,2.0,2.0
465,20211203,1.0505109021635077,1.4022492567057034,0.12049788740474375,70.83,3.0,78.9,3.0,2.0,4.0,0.0,2.0,2.0
466,20211206,-0.2698568462884562,1.340753215383292,0.11202495084111622,70.83,3.0,78.9,3.0,2.0,4.0,0.0,2.0,2.0
467,20211207,0.7243339138325569,1.5899203132581696,0.13347382174517752,70.83,3.0,78.9,3.0,2.0,4.0,0.0,2.0,2.0
468,20211208,1.0622458256951546,1.4914319291395768,0.12417733488783927,70.83,3.0,78.9,3.0,2.0,4.0,0.0,2.0,2.0
469,20211209,1.412578288126573,1.4783260312105897,0.12438844232135308,70.83,3.0,78.9,3.0,2.0,4.0,0.0,2.0,2.0
470,20211210,-0.7124804543866579,1.1822576198356798,0.10511703273553416,70.83,3.0,81.53,3.0,2.0,4.0,0.0,2.0,2.0
471,20211213,0.39858542225612825,1.4813125299549754,0.12361415920251326,70.83,3.0,81.53,3.0,2.0,4.0,0.0,2.0,2.0
472,20211214,-0.8375386471903359,1.3084134296293577,0.10801184331261167,70.83,3.0,81.53,3.0,2.0,4.0,0.0,2.0,2.0
473,20211215,-0.3132079202183498,1.1635729595001383,0.10731067743849323,70.83,3.0,81.53,3.0,2.0,4.0,0.0,2.0,2.0
474,20211216,0.9461900738903667,1.155632363387591,0.11111572252966674,70.83,3.0,81.53,3.0,2.0,4.0,0.0,2.0,2.0
475,20211217,-0.8288859656221693,1.2243673737342227,0.10609668860568999,70.83,3.0,83.2,3.0,2.0,4.0,0.0,2.0,2.0
476,20211220,-1.1936981658816803,1.7028204790926742,0.14025268732074855,70.83,3.0,83.7,3.0,2.0,4.0,0.0,2.0,2.0
477,20211221,1.2799752171773806,1.1508058315923544,0.09757255256172943,70.83,3.0,83.7,3.0,2.0,4.0,0.0,2.0,2.0
478,20211222,0.1233360261664849,1.4314608106875162,0.11752772375082864,70.83,3.0,83.7,3.0,2.0,4.0,0.0,2.0,2.0
479,20211223,0.2693158951896114,1.2445342382869429,0.10434210581376455,79.17,3.0,83.7,3.0,2.0,4.0,2.0,2.0,2.0
480,20211224,-0.407039559109065,1.5020872159583094,0.123443530255077,79.17,3.0,83.7,3.0,2.0,4.0,2.0,2.0,2.0
481,20211227,0.28815147144073355,1.3476696986988275,0.11159934890084007,79.17,3.0,84.39,3.0,2.0,4.0,2.0,2.0,2.0
482,20211228,0.14121910014776803,1.3686989215618797,0.12445212339050366,79.17,3.0,84.68,3.0,2.0,4.0,2.0,2.0,2.0
483,20211229,-0.6903391953862101,1.312297959037362,0.11524440576294194,79.17,3.0,84.68,3.0,2.0,4.0,2.0,2.0,2.0
484,20211230,0.6211306053640513,1.2150732398539996,0.10091959741859233,79.17,3.0,84.68,3.0,2.0,4.0,2.0,2.0,2.0
485,20211231,0.7829997352980196,1.264948477430026,0.11630960434701466,79.17,3.0,84.68,3.0,2.0,4.0,2.0,2.0,2.0
486,20220104,0.5785126068431082,1.7428057326906663,0.149036037425026,79.17,3.0,84.68,3.0,2.0,4.0,2.0,2.0,2.0
487,20220105,-0.7467691290294179,1.7753223062725303,0.1409533425046955,79.17,3.0,84.68,3.0,2.0,4.0,2.0,2.0,2.0
488,20220106,-0.4421208857899022,1.4339539949100695,0.119169169563329,79.17,3.0,85.07,3.0,2.0,4.0,2.0,2.0,2.0
489,20220107,0.08692267311449714,1.6498795930055006,0.12357131290060383,79.17,3.0,85.27,3.0,2.0,4.0,2.0,2.0,2.0
490,20220110,0.4199884984107656,1.125009056030265,0.09530896441348267,79.17,3.0,85.27,3.0,2.0,4.0,2.0,2.0,2.0
491,20220111,-0.6780349107472746,1.4299403014449927,0.11678480259347475,79.17,3.0,85.27,3.0,2.0,4.0,2.0,2.0,2.0
492,20220112,0.3444841241744657,1.2717394992376172,0.10814882532311632,79.17,3.0,85.27,3.0,2.0,4.0,2.0,2.0,2.0
493,20220113,-1.2928944634898427,1.43999024335081,0.10661943425063142,79.17,3.0,85.27,3.0,2.0,4.0,2.0,2.0,2.0
494,20220114,-1.3683659550299752,1.449545468442167,0.1159243698602271,79.17,3.0,85.6,3.0,2.0,4.0,2.0,2.0,2.0
495,20220117,0.5614781413795941,1.269413114825263,0.10997801518234797,79.17,3.0,85.6,3.0,2.0,4.0,2.0,2.0,2.0
496,20220118,0.9438448312504082,1.3898408848076476,0.11466854055056111,79.17,3.0,85.6,3.0,2.0,4.0,2.0,2.0,2.0
497,20220119,-0.39748262551564284,1.431917644360204,0.11360309309202564,79.17,3.0,85.6,3.0,2.0,4.0,2.0,2.0,2.0
498,20220120,0.3760614060189608,1.6635994453205407,0.13671883788189995,79.17,3.0,85.6,3.0,2.0,4.0,2.0,2.0,2.0
499,20220121,-1.3609023342138586,1.3739800365201316,0.1128667396713596,79.17,3.0,85.87,3.0,2.0,4.0,2.0,2.0,2.0
500,20220124,-0.18502644014320366,1.3047321020732152,0.11396899830422734,64.35,1.0,85.87,2.0,2.0,4.0,1.0,2.0,2.0
501,20220125,-2.993529545587449,1.4326164716515415,0.11496108706733463,64.35,1.0,85.87,2.0,2.0,4.0,1.0,2.0,2.0
502,20220126,0.7143885079710417,1.2949844941143624,0.10854118314762287,64.35,1.0,85.87,2.0,2.0,4.0,1.0,2.0,2.0
503,20220127,-2.0845140626690792,1.4142591095263344,0.11055524566920663,64.35,1.0,85.87,2.0,2.0,4.0,1.0,2.0,2.0
504,20220128,-0.6036704061760764,1.6399887280005665,0.12822878481447023,64.35,1.0,86.08,2.0,2.0,4.0,1.0,2.0,2.0
505,20220207,1.5806098762766188,2.0139888661472987,0.17449492270073114,64.35,1.0,86.15,2.0,2.0,4.0,1.0,2.0,2.0
506,20220208,1.1113479946719222,1.5541186971956158,0.130751815115012,64.35,1.0,86.15,2.0,2.0,4.0,1.0,2.0,2.0
507,20220209,0.990887934980971,1.4021885830293837,0.10787855632187407,64.35,1.0,86.15,2.0,2.0,4.0,1.0,2.0,2.0
508,20220210,0.35759136039344125,1.3009820307530542,0.11210568033677061,64.35,1.0,86.15,2.0,2.0,4.0,1.0,2.0,2.0
509,20220211,-0.6872680499777455,1.5081913881979125,0.1226964098270244,64.35,1.0,86.15,2.0,2.0,4.0,1.0,2.0,2.0
510,20220214,-1.4408875868681033,1.5865249777253967,0.12930802537410696,64.35,1.0,86.15,2.0,2.0,4.0,1.0,2.0,2.0
511,20220215,0.3513269832388233,1.5143355783305006,0.12391348856124089,64.35,1.0,86.15,2.0,2.0,4.0,1.0,2.0,2.0
512,20220216,0.38158680174309134,0.9129438907644802,0.07851691702511822,64.35,1.0,86.15,2.0,2.0,4.0,1.0,2.0,2.0
513,20220217,-0.2227211229570978,1.107295973706805,0.09206567935657786,64.35,1.0,86.15,2.0,2.0,4.0,1.0,2.0,2.0
514,20220218,0.9303105207286995,1.146356770210179,0.09379802859474384,64.35,1.0,86.44,2.0,2.0,4.0,1.0,2.0,2.0
515,20220221,0.26331446673003606,1.1583400746056325,0.10123000980729013,64.35,1.0,86.44,2.0,2.0,4.0,1.0,2.0,2.0
516,20220222,-1.188596266166191,1.2202337996785748,0.10909559557306413,64.35,1.0,86.44,2.0,2.0,4.0,1.0,2.0,2.0
517,20220223,0.5977271746194254,1.4699619858313575,0.1175239985161064,64.35,1.0,86.44,2.0,2.0,4.0,1.0,2.0,2.0
518,20220224,-2.072937699996695,1.3563976655052732,0.11473104892878568,64.35,1.0,86.44,2.0,2.0,4.0,1.0,2.0,2.0
519,20220225,0.5020918819398237,1.2065487117999443,0.103358062927904,64.35,1.0,86.58,2.0,2.0,4.0,1.0,2.0,2.0
520,20220228,-0.040401528298666264,1.0884840722718676,0.08794924087056134,59.54,1.0,86.58,2.0,2.0,4.0,1.0,0.0,2.0
521,20220301,0.6506209266224374,1.1571947265714713,0.09848060907414623,59.54,1.0,86.58,2.0,2.0,4.0,1.0,0.0,2.0
522,20220302,-0.11326167372187303,1.054195225042713,0.09425890217784993,59.54,1.0,86.58,2.0,2.0,4.0,1.0,0.0,2.0
523,20220303,0.10959794709408738,1.5792443678735806,0.12661867116764813,59.54,1.0,86.58,2.0,2.0,4.0,1.0,0.0,2.0
524,20220304,-0.9452534790824172,1.1202172768759935,0.08801145537146471,59.54,1.0,86.58,2.0,2.0,4.0,1.0,0.0,2.0
525,20220307,-2.366559136047955,1.7683625250074344,0.138336668622539,59.54,1.0,86.58,2.0,2.0,4.0,1.0,0.0,2.0
526,20220308,-3.062789392252173,1.566197707980299,0.12752551565971748,59.54,1.0,86.58,2.0,2.0,4.0,1.0,0.0,2.0
527,20220309,-1.772226266150119,1.7718811488957735,0.1386946145681197,59.54,1.0,86.58,2.0,2.0,4.0,1.0,0.0,2.0
528,20220310,1.1763022312454317,1.555449969461979,0.1242312008364907,59.54,1.0,86.58,2.0,2.0,4.0,1.0,0.0,2.0
529,20220311,0.8259655999224728,1.5869332178124007,0.1301659912374471,59.54,1.0,86.58,2.0,2.0,4.0,1.0,0.0,2.0
530,20220314,-2.504755807805063,1.5930721186907588,0.1306165893789257,64.35,1.0,86.91,2.0,2.0,4.0,1.0,2.0,2.0
531,20220315,-5.444879401995558,1.9589061456999102,0.1472405007296326,64.35,1.0,86.91,2.0,2.0,4.0,1.0,2.0,2.0
532,20220316,3.582996387763949,1.7251103046843503,0.13424562415503977,64.35,1.0,86.91,2.0,2.0,4.0,1.0,2.0,2.0
533,20220317,1.638484916862618,1.8465688665831137,0.14196709555548284,64.35,1.0,86.93,2.0,2.0,4.0,1.0,2.0,2.0
534,20220318,1.201545880764238,1.5347330618718529,0.1286230212048866,64.35,1.0,86.94,2.0,2.0,4.0,1.0,2.0,2.0
535,20220321,-0.10379433503049372,1.364778812684914,0.11609113937059964,64.35,1.0,86.99,2.0,2.0,4.0,1.0,2.0,2.0
536,20220322,0.5435108255110729,1.4574226376184838,0.1222659954730779,64.35,1.0,86.99,2.0,2.0,4.0,1.0,2.0,2.0
537,20220323,0.42337144690470924,1.3600240953774274,0.12252038255097626,64.35,1.0,86.99,2.0,2.0,4.0,1.0,2.0,2.0
538,20220324,-0.8057565409237661,1.3492263367056179,0.11553186497651749,64.35,1.0,87.02,2.0,2.0,4.0,1.0,2.0,2.0
539,20220325,-1.140957047517279,1.243203111893845,0.10056857204445034,64.35,1.0,87.02,2.0,2.0,4.0,1.0,2.0,2.0
540,20220328,0.09820525071329901,1.4509629677437064,0.12209951045407245,68.06,1.0,87.02,3.0,2.0,4.0,1.0,2.0,2.0
541,20220329,-0.6623937213255808,1.324947931263019,0.11666125858793541,73.61,3.0,87.02,3.0,2.0,4.0,1.0,2.0,2.0
542,20220330,2.1831174118040333,1.6418272585976352,0.13259632880420114,73.61,3.0,87.02,3.0,2.0,4.0,1.0,2.0,2.0
543,20220331,-0.464547904583757,1.3676916636634235,0.10749590104920875,73.61,3.0,87.12,3.0,2.0,4.0,1.0,2.0,2.0
544,20220401,1.1387258769512303,1.5055564065146758,0.12301160315886586,73.61,3.0,87.12,3.0,2.0,4.0,1.0,2.0,2.0
545,20220406,0.46073172678372193,1.7860435765088996,0.1457650116201582,73.61,3.0,87.19,3.0,2.0,4.0,1.0,2.0,2.0
546,20220407,-1.7743270217072176,1.2636215961090302,0.10164373825743217,73.61,3.0,87.19,3.0,2.0,4.0,1.0,2.0,2.0
547,20220408,0.4470634164556974,1.5992291567510166,0.1257063790984654,79.17,3.0,87.19,3.0,2.0,4.0,2.0,2.0,2.0
548,20220411,-2.849359090692962,1.8597486709084865,0.1471415133187083,79.17,3.0,87.31,3.0,2.0,4.0,2.0,2.0,2.0
549,20220412,1.719544376430879,1.9348230602884944,0.15623641855315548,79.17,3.0,87.31,3.0,2.0,4.0,2.0,2.0,2.0
550,20220413,-1.1135713825602849,1.574423546786067,0.1301263848324295,79.17,3.0,87.31,3.0,2.0,4.0,2.0,2.0,2.0
551,20220414,1.2918199280786158,1.3818254038052435,0.11908064454295322,79.17,3.0,87.31,3.0,2.0,4.0,2.0,2.0,2.0
552,20220415,-0.23410667202627114,1.6139353864176524,0.13271615416850793,79.17,3.0,87.31,3.0,2.0,4.0,2.0,2.0,2.0
553,20220418,-0.6067174615876891,1.9018167781501791,0.14637783115703146,79.17,3.0,87.44,3.0,2.0,4.0,2.0,2.0,2.0
554,20220419,-0.2725122263343012,1.3531337513662853,0.11104732560580613,79.17,3.0,87.44,3.0,2.0,4.0,2.0,2.0,2.0
555,20220420,-1.624578180371089,1.6899239912250776,0.1483282706165318,79.17,3.0,87.44,3.0,2.0,4.0,2.0,2.0,2.0
556,20220421,-2.4099051753942513,1.5716469721366824,0.11537287096512253,79.17,3.0,87.44,3.0,2.0,4.0,2.0,2.0,2.0
557,20220422,0.3825956011231471,1.584426482639513,0.12393800866039338,79.17,3.0,87.44,3.0,2.0,4.0,2.0,2.0,2.0
558,20220425,-5.518527995247303,2.254947736262902,0.16164719094610316,79.17,3.0,87.44,3.0,2.0,4.0,2.0,2.0,2.0
559,20220426,-2.105882886550248,2.8155696048371124,0.21392733680662113,79.17,3.0,87.44,3.0,2.0,4.0,2.0,2.0,2.0
560,20220427,2.4455334061029976,2.385511494402777,0.18216043778901475,79.17,3.0,87.62,3.0,2.0,4.0,2.0,2.0,2.0
561,20220428,0.13149166683631686,2.290742642637752,0.17613861463503042,79.17,3.0,87.64,3.0,2.0,4.0,2.0,2.0,2.0
562,20220429,3.408194198468834,2.3834873641547687,0.18579238823643748,79.17,3.0,87.64,3.0,2.0,4.0,2.0,2.0,2.0
563,20220505,0.1524485087608173,2.115992989187347,0.20339967755443908,79.17,3.0,87.74,3.0,2.0,4.0,2.0,2.0,2.0
564,20220506,-2.576094936438784,1.581403215988861,0.1309920023645291,79.17,3.0,87.74,3.0,2.0,4.0,2.0,2.0,2.0
565,20220509,0.11447756708422634,1.5375407494309279,0.1316157495092722,79.17,3.0,87.74,3.0,2.0,4.0,2.0,2.0,2.0
566,20220510,0.8582146233306317,1.256039795929324,0.104391311712538,79.17,3.0,87.74,3.0,2.0,4.0,2.0,2.0,2.0
567,20220511,0.6571455901773836,1.6690810980655846,0.1364249253281165,79.17,3.0,87.74,3.0,2.0,4.0,2.0,2.0,2.0
568,20220512,-0.13528100783550717,1.095945859035869,0.09375006864944906,79.17,3.0,87.85,3.0,2.0,4.0,2.0,2.0,2.0
569,20220513,0.9431449550555615,1.359375259999127,0.11737513128636863,79.17,3.0,87.85,3.0,2.0,4.0,2.0,2.0,2.0
570,20220516,-0.40368461168383685,1.1959730788677774,0.09470406542553811,79.17,3.0,87.85,3.0,2.0,4.0,2.0,2.0,2.0
571,20220517,0.3855461372424725,1.3533367499139988,0.11846550555843051,79.17,3.0,87.85,3.0,2.0,4.0,2.0,2.0,2.0
572,20220518,-0.30406605915555346,1.0737456572657114,0.09172026777283976,79.17,3.0,87.85,3.0,2.0,4.0,2.0,2.0,2.0
573,20220519,0.2790429991991097,1.3138828006251895,0.11321572586035883,79.17,3.0,87.85,3.0,2.0,4.0,2.0,2.0,2.0
574,20220520,1.55334978934146,1.3113921563270472,0.11017759363340833,79.17,3.0,87.85,3.0,2.0,4.0,2.0,2.0,2.0
575,20220523,-0.041377352794946955,1.3555652300764238,0.11474767377186917,79.17,3.0,88.01,3.0,2.0,4.0,2.0,2.0,2.0
576,20220524,-2.750517301642157,1.648671059856889,0.13402996736932432,79.17,3.0,88.01,3.0,2.0,4.0,2.0,2.0,2.0
577,20220525,1.198457047104493,1.2840696700791323,0.12210421663598509,79.17,3.0,88.01,3.0,2.0,4.0,2.0,2.0,2.0
578,20220526,0.9363997085153852,1.3401278172908082,0.11677048535447902,79.17,3.0,88.07,3.0,2.0,4.0,2.0,2.0,2.0
579,20220527,-0.1511385228053147,0.9395100534609324,0.08168171949209564,79.17,3.0,88.07,3.0,2.0,4.0,2.0,2.0,2.0
580,20220530,0.3275497491743718,1.433266289084841,0.12024971791324449,79.17,3.0,88.07,3.0,2.0,4.0,2.0,2.0,2.0
581,20220531,1.2022582941868483,1.3177223994119163,0.10828826623098925,79.17,3.0,88.07,3.0,2.0,4.0,2.0,2.0,2.0
582,20220601,-0.21825836171501775,1.2129280090866223,0.10215603040871161,79.17,3.0,88.15,3.0,2.0,4.0,2.0,2.0,2.0
583,20220602,0.2671047040377992,1.3065469965826781,0.10640970500769706,79.17,3.0,88.15,3.0,2.0,4.0,2.0,2.0,2.0
584,20220606,0.9643095020698783,1.57074290151984,0.153348035832053,79.17,3.0,88.17,3.0,2.0,4.0,2.0,2.0,2.0
585,20220607,0.19639315879439564,1.2335336601687568,0.1022413672498086,79.17,3.0,88.17,3.0,2.0,4.0,2.0,2.0,2.0
586,20220608,0.5165760525094105,1.5872735555913315,0.1807965870489922,79.17,3.0,88.17,3.0,2.0,4.0,2.0,2.0,2.0
587,20220609,-0.9052439696092691,1.6104429528191666,0.12513289386023885,79.17,3.0,88.17,3.0,2.0,4.0,2.0,2.0,2.0
588,20220610,1.2635561562756417,1.3071283939991092,0.10846202573564365,79.17,3.0,88.17,3.0,2.0,4.0,2.0,2.0,2.0
589,20220613,-0.9605428570563121,1.7456616675585732,0.18099130990473197,79.17,3.0,88.17,3.0,2.0,4.0,2.0,2.0,2.0
590,20220614,1.213363993250327,1.7629139429361602,0.14744903659072536,79.17,3.0,88.17,3.0,2.0,4.0,2.0,2.0,2.0
591,20220615,1.324909404028708,1.807231530433394,0.14328725103823872,79.17,3.0,88.17,3.0,2.0,4.0,2.0,2.0,2.0
592,20220616,-0.6938450693228488,1.8371886381049858,0.1471121193659799,79.17,3.0,88.31,3.0,2.0,4.0,2.0,2.0,2.0
593,20220617,0.4385717502253001,1.3008682618633374,0.1145916196804457,79.17,3.0,88.31,3.0,2.0,4.0,2.0,2.0,2.0
594,20220620,0.41477942706312154,1.820540387723195,0.1513028989834264,79.17,3.0,88.31,3.0,2.0,4.0,2.0,2.0,2.0
595,20220621,-0.0711792830142565,1.2973869514725405,0.12127913717699862,79.17,3.0,88.31,3.0,2.0,4.0,2.0,2.0,2.0
596,20220622,-1.7487638793150597,1.3077736684878116,0.1295623606279416,79.17,3.0,88.31,3.0,2.0,4.0,2.0,2.0,2.0
597,20220623,1.3532021676477803,1.4111205949377814,0.11652658598297179,79.17,3.0,88.37,3.0,2.0,4.0,2.0,2.0,2.0
598,20220624,0.5468400191385715,1.4603351876522166,0.12027415490208143,79.17,3.0,88.37,3.0,2.0,4.0,2.0,2.0,2.0
599,20220627,0.7580252527041308,1.5253499675954296,0.13269806504563428,79.17,3.0,88.4,3.0,2.0,4.0,2.0,2.0,2.0
600,20220628,1.1078788336106788,1.391515953292441,0.11198719885328814,79.17,3.0,88.4,3.0,2.0,4.0,2.0,2.0,2.0
601,20220629,-1.224282455337264,1.9378267096528734,0.16728230340015818,79.17,3.0,88.4,3.0,2.0,4.0,2.0,2.0,2.0
602,20220630,0.8542373324018749,1.462679091245973,0.11413495079075675,79.17,3.0,88.4,3.0,2.0,4.0,2.0,2.0,2.0
603,20220701,-0.4134059874962043,1.3417644584848722,0.11624554210671859,73.61,3.0,88.4,3.0,2.0,4.0,2.0,1.0,2.0
604,20220704,0.507210628163204,1.7659461372219203,0.18495404355264689,73.61,3.0,88.4,3.0,2.0,4.0,2.0,1.0,2.0
605,20220705,-0.349610505237856,1.3818516301011856,0.11942717195109563,73.61,3.0,88.4,3.0,2.0,4.0,2.0,1.0,2.0
606,20220706,-1.5660952886849837,1.4295178757272449,0.12169445299643612,73.61,3.0,88.4,3.0,2.0,4.0,2.0,1.0,2.0
607,20220707,0.05437461134734587,1.343584209661529,0.11839377310282197,73.61,3.0,88.5,3.0,2.0,4.0,2.0,1.0,2.0
608,20220708,-0.08220190138963125,1.2401355782906187,0.11348009425516596,73.61,3.0,88.5,3.0,2.0,4.0,2.0,1.0,2.0
609,20220711,-1.2902074374402435,1.6823905675750523,0.1610306294356191,73.61,3.0,88.5,3.0,2.0,4.0,2.0,1.0,2.0
610,20220712,-0.4512762600745252,1.4979195060664159,0.12108683052056683,73.61,3.0,88.5,3.0,2.0,4.0,2.0,1.0,2.0
611,20220713,-0.058767667720214675,1.0593281720458994,0.09011719833414196,73.61,3.0,88.5,3.0,2.0,4.0,2.0,1.0,2.0
612,20220714,-0.48541455122539046,1.3982876072892036,0.12329071096475255,73.61,3.0,88.5,3.0,2.0,4.0,2.0,1.0,2.0
613,20220715,-2.2572495281711102,1.6647226946187252,0.13829809740405274,73.61,3.0,88.5,3.0,2.0,4.0,2.0,1.0,2.0
614,20220718,1.7861944632061075,1.422111311243323,0.1124059249032174,73.61,3.0,88.5,3.0,2.0,4.0,2.0,1.0,2.0
615,20220719,0.31702607224913565,1.0682343548214925,0.0930338252466492,73.61,3.0,88.5,3.0,2.0,4.0,2.0,1.0,2.0
616,20220720,0.5859435141213796,1.0814107165260392,0.09510821610526136,73.61,3.0,88.67,3.0,2.0,4.0,2.0,1.0,2.0
617,20220721,-0.973851858970393,1.2652607446234236,0.11102613640246087,73.61,3.0,88.67,3.0,2.0,4.0,2.0,1.0,2.0
618,20220722,-0.32585475429445276,1.061379180018209,0.08430209155354704,73.61,3.0,88.71,3.0,2.0,4.0,2.0,1.0,2.0
619,20220725,-0.6970561638494233,1.221883036016999,0.10172086327160094,73.61,3.0,88.71,3.0,2.0,4.0,2.0,1.0,2.0
620,20220726,1.0041091317183617,1.0752343368083406,0.09620107126733718,73.61,3.0,88.71,3.0,2.0,4.0,2.0,1.0,2.0
621,20220727,-0.23482333502914032,0.9552660401164129,0.08800601749284531,73.61,3.0,88.71,3.0,2.0,4.0,2.0,1.0,2.0
622,20220728,0.11900049617057858,1.2652958288859137,0.14196672162236018,73.61,3.0,88.71,3.0,2.0,4.0,2.0,1.0,2.0
623,20220729,-1.204302636045398,1.334634970980732,0.10796717877629732,73.61,3.0,88.71,3.0,2.0,4.0,2.0,1.0,2.0
624,20220801,0.011980067810079122,1.3786192128887833,0.11935447665872828,73.61,3.0,88.71,3.0,2.0,4.0,2.0,1.0,2.0
625,20220802,-2.722120725439016,1.354388079148362,0.11130142768387359,73.61,3.0,88.71,3.0,2.0,4.0,2.0,1.0,2.0
626,20220803,-0.7967576450271477,1.2864359067949118,0.11096239433960706,73.61,3.0,88.71,3.0,2.0,4.0,2.0,1.0,2.0
627,20220804,0.7625321347804288,1.0265116622305888,0.0885525407629259,73.61,3.0,88.71,3.0,2.0,4.0,2.0,1.0,2.0
628,20220805,1.4476842632895588,1.3168280039925375,0.10897846324134328,73.61,3.0,88.71,3.0,2.0,4.0,2.0,1.0,2.0
629,20220808,0.14032199183470645,1.1063949305246483,0.09869524130199402,73.61,3.0,88.71,3.0,2.0,4.0,2.0,1.0,2.0
630,20220809,-0.03600754305855333,0.9686232608451409,0.08370594972447144,73.61,3.0,88.95,3.0,2.0,4.0,2.0,1.0,2.0
631,20220810,-0.7029550774094191,1.015027242553006,0.09103066394103086,73.61,3.0,88.95,3.0,2.0,4.0,2.0,1.0,2.0
632,20220811,2.204383014869162,1.41373951234216,0.11495952392502821,73.61,3.0,88.95,3.0,2.0,4.0,2.0,1.0,2.0
633,20220812,0.36838041622374507,1.2078716540502534,0.10662813819407971,73.61,3.0,88.95,3.0,2.0,4.0,2.0,1.0,2.0
634,20220815,-0.4450853927392382,1.2182732543340273,0.11012537008032035,73.61,3.0,88.95,3.0,2.0,4.0,2.0,1.0,2.0
635,20220816,-0.03856506519640369,0.9651341709849143,0.09046851633085234,73.61,3.0,88.95,3.0,2.0,4.0,2.0,1.0,2.0
636,20220817,0.9045837980127543,1.0684751381569395,0.09328483507305263,73.61,3.0,88.95,3.0,2.0,4.0,2.0,1.0,2.0
637,20220818,-1.0361607702321955,1.1000192000627143,0.13456905667209426,73.61,3.0,88.95,3.0,2.0,4.0,2.0,1.0,2.0
638,20220819,-0.19711662725890008,1.344728814990631,0.12086263928875711,73.61,3.0,88.95,3.0,2.0,4.0,2.0,1.0,2.0
639,20220822,0.5995855116421341,1.1829880185399149,0.10240846855143625,73.61,3.0,88.95,3.0,2.0,4.0,2.0,1.0,2.0
640,20220823,-0.27355291163649437,1.257799790035051,0.11110105509487787,79.17,3.0,88.95,3.0,2.0,4.0,2.0,2.0,2.0
641,20220824,-1.8001779023773241,1.3542098675205783,0.11795583211621471,79.17,3.0,88.95,3.0,2.0,4.0,2.0,2.0,2.0
642,20220825,1.0224436087812512,1.294444690495194,0.10677417041703773,79.17,3.0,88.95,3.0,2.0,4.0,2.0,2.0,2.0
643,20220826,-0.2906926565224744,1.1153567936272977,0.09444142341817814,79.17,3.0,88.95,3.0,2.0,4.0,2.0,2.0,2.0
644,20220829,-0.09809581424750966,1.086003421443907,0.08714170983133716,79.17,3.0,88.95,3.0,2.0,4.0,2.0,2.0,2.0
645,20220830,0.1464929755704917,1.2180474645790007,0.10473381396326621,79.17,3.0,88.95,3.0,2.0,4.0,2.0,2.0,2.0
646,20220831,-0.38133074805199574,1.7214182597880496,0.14094959438449456,79.17,3.0,88.95,3.0,2.0,4.0,2.0,2.0,2.0
647,20220901,-0.4878635297813227,1.32693985438737,0.11102783769705932,75.46,3.0,88.95,3.0,2.0,4.0,2.0,2.0,2.0
648,20220902,-0.03063240260563793,1.1324982080720176,0.09903027921158065,75.46,3.0,88.95,3.0,2.0,4.0,2.0,2.0,2.0
649,20220905,0.18641704949924698,1.4155536206664294,0.11621344105207762,75.46,3.0,88.95,3.0,2.0,4.0,2.0,2.0,2.0
650,20220906,1.173533215287375,1.214586514343046,0.10225888726854214,75.46,3.0,88.95,3.0,2.0,4.0,2.0,2.0,2.0
651,20220907,-0.22166688995269399,0.9470636462628996,0.08993305612996187,75.46,3.0,89.11,3.0,2.0,4.0,2.0,2.0,2.0
652,20220908,-0.18307525468106178,1.0150790540460328,0.08018575154092847,75.46,3.0,89.11,3.0,2.0,4.0,2.0,2.0,2.0
653,20220909,1.293647928612301,1.1676077284861288,0.09643674839893833,75.46,3.0,89.11,3.0,2.0,4.0,2.0,2.0,2.0
654,20220913,0.012054719578951488,1.1782421352998962,0.10091400056033419,69.91,3.0,89.11,3.0,2.0,4.0,1.0,2.0,2.0
655,20220914,-0.9839860842863506,0.7320971465326364,0.059215870979870716,69.91,3.0,89.11,3.0,2.0,4.0,1.0,2.0,2.0
656,20220915,-0.6904781899189862,1.3741876525769912,0.11030364008651948,69.91,3.0,89.11,3.0,2.0,4.0,1.0,2.0,2.0
657,20220916,-3.0649970668126363,1.3166396054525225,0.10139901914259944,69.91,3.0,89.11,3.0,2.0,4.0,1.0,2.0,2.0
658,20220919,-0.5070551742792528,1.4078114071484409,0.1118608369503346,69.91,3.0,89.11,3.0,2.0,4.0,1.0,2.0,2.0
659,20220920,0.05715060461264532,1.192042238822091,0.1045417164269371,69.91,3.0,89.11,3.0,2.0,4.0,1.0,2.0,2.0
660,20220921,0.14267230699298503,1.265363040250224,0.10665233251284803,69.91,3.0,89.11,3.0,2.0,4.0,1.0,2.0,2.0
661,20220922,-0.8508739819868384,1.169592829828195,0.09604172786883922,69.91,3.0,89.11,3.0,2.0,4.0,1.0,2.0,2.0
662,20220923,-0.552204500318876,1.149756754116591,0.09157717670511759,69.91,3.0,89.11,3.0,2.0,4.0,1.0,2.0,2.0
663,20220926,-1.7680937328930075,1.6355186050612067,0.12795851656520044,69.91,3.0,89.11,3.0,2.0,4.0,1.0,2.0,2.0
664,20220927,1.727840871506796,1.3301384189932877,0.1064538967457665,69.91,3.0,89.11,3.0,2.0,4.0,1.0,2.0,2.0
665,20220928,-1.7628126397545008,1.3451928740420163,0.10080280479880943,69.91,3.0,89.17,3.0,2.0,4.0,1.0,2.0,2.0
666,20220929,-0.6135592025561863,1.1800374554579767,0.09040468906109132,69.91,3.0,89.17,3.0,2.0,4.0,1.0,2.0,2.0
667,20220930,-0.08107818759107167,1.1134998790324937,0.0911601494637459,69.91,3.0,89.17,3.0,2.0,4.0,1.0,2.0,2.0
668,20221010,-1.4609388899955553,1.8328965662344932,0.15112320899250817,66.2,2.0,89.17,3.0,2.0,4.0,1.0,2.0,2.0
669,20221011,0.08806801780261084,1.3936582750534037,0.12009711179165682,66.2,2.0,89.17,3.0,2.0,4.0,1.0,2.0,2.0
670,20221012,1.6423600110483025,1.31415467494392,0.1031836829587164,66.2,2.0,89.19,3.0,2.0,4.0,1.0,2.0,2.0
671,20221013,-0.19407956768738177,1.3369590005831071,0.11567621506948012,66.2,2.0,89.19,3.0,2.0,4.0,1.0,2.0,2.0
672,20221014,1.8791229699473055,1.497290831948746,0.1281386673721877,66.2,2.0,89.19,3.0,2.0,4.0,1.0,2.0,2.0
673,20221017,0.6252898619572601,1.2077858158003176,0.10108667750010988,66.2,2.0,89.19,3.0,2.0,4.0,1.0,2.0,2.0
674,20221018,-0.13816885033686857,0.9438269353058775,0.0865762504747936,66.2,2.0,89.19,3.0,2.0,4.0,1.0,2.0,2.0
675,20221019,-1.415280099683097,1.0339257066612175,0.08576694673184478,66.2,2.0,89.19,3.0,2.0,4.0,1.0,2.0,2.0
676,20221020,-0.3068675014558029,1.1074793039550566,0.09381794141378229,66.2,2.0,89.19,3.0,2.0,4.0,1.0,2.0,2.0
677,20221021,0.007206884493478853,1.1171685979574972,0.09445980694527852,66.2,2.0,89.19,3.0,2.0,4.0,1.0,2.0,2.0
678,20221024,-2.1941193227321127,1.6090299872498661,0.137788128064279,66.2,2.0,89.19,3.0,2.0,4.0,1.0,2.0,2.0
679,20221025,-0.4672942647929438,1.3678690168742216,0.11281441052967207,66.2,2.0,89.19,3.0,2.0,4.0,1.0,2.0,2.0
680,20221026,1.157040338141876,1.7871285968239947,0.1384091017031782,66.2,2.0,89.19,3.0,2.0,4.0,1.0,2.0,2.0
681,20221027,0.1249687971917906,1.575201784195001,0.15303214521795144,66.2,2.0,89.19,3.0,2.0,4.0,1.0,2.0,2.0
682,20221028,-2.7009037900742943,1.5480543982204436,0.12152866021977263,66.2,2.0,89.19,3.0,2.0,4.0,1.0,2.0,2.0
683,20221031,-0.6815723827248046,2.302376741823624,0.17978646989978078,66.2,2.0,89.19,3.0,2.0,4.0,1.0,2.0,2.0
684,20221101,2.586270252393482,2.017105465235544,0.1641216627902305,66.2,2.0,89.19,3.0,2.0,4.0,1.0,2.0,2.0
685,20221102,1.09585995737986,1.428075113586525,0.11368529350029763,62.5,2.0,89.19,2.0,2.0,4.0,1.0,2.0,2.0
686,20221103,-0.710743385205071,1.0738937514684264,0.0970055436702509,62.5,2.0,89.19,2.0,2.0,4.0,1.0,2.0,2.0
687,20221104,2.3221148494577584,1.314168228056369,0.10311220693577297,62.5,2.0,89.22,2.0,2.0,4.0,1.0,2.0,2.0
688,20221107,0.3488712324276634,1.1871870160944058,0.10057184076306076,62.5,2.0,89.22,2.0,2.0,4.0,1.0,2.0,2.0
689,20221108,-0.3768499267867814,0.8837524662577885,0.07360104302745009,62.5,2.0,89.22,2.0,2.0,4.0,1.0,2.0,2.0
690,20221109,-0.21996421696325377,1.1831689222876198,0.11609707117648807,62.5,2.0,89.22,2.0,2.0,4.0,1.0,2.0,2.0
691,20221110,-0.21909335154979542,1.200765675319861,0.1011296888365435,62.5,2.0,89.22,2.0,2.0,4.0,1.0,2.0,2.0
692,20221111,2.1270335099984656,1.8384311007258962,0.1503849787858472,62.5,2.0,89.22,2.0,2.0,4.0,1.0,2.0,2.0
693,20221114,0.39518876720515794,1.6973804616660513,0.14027507365479258,62.5,2.0,89.22,2.0,2.0,4.0,1.0,2.0,2.0
694,20221115,1.5323770955096023,1.39933343390775,0.10987901043602565,62.5,2.0,89.22,2.0,2.0,4.0,1.0,2.0,2.0
695,20221116,-0.5451345901715552,1.2175897838918113,0.10116000332356401,62.5,2.0,89.22,2.0,2.0,4.0,1.0,2.0,2.0
696,20221117,0.15126453310696866,1.176362699012888,0.1044723841641298,62.5,2.0,89.22,2.0,2.0,4.0,1.0,2.0,2.0
697,20221118,-0.4983790818965221,1.1399234974481018,0.09963310975348162,69.91,2.0,89.22,3.0,2.0,4.0,1.0,2.0,2.0
698,20221121,-0.8552648667429427,1.26394092168729,0.10007855425639718,75.46,2.0,89.22,3.0,2.0,4.0,2.0,2.0,2.0
699,20221122,0.029714626823541843,1.5451182241144814,0.12264148258906656,75.46,2.0,89.22,3.0,2.0,4.0,2.0,2.0,2.0
700,20221123,0.0606783672169999,1.0753045371987158,0.08934248595473324,79.17,3.0,89.22,3.0,2.0,4.0,2.0,2.0,2.0
701,20221124,-0.2598601533264298,1.0036249960865986,0.08514898395034359,79.17,3.0,89.22,3.0,2.0,4.0,2.0,2.0,2.0
702,20221125,0.8676317768724895,1.4869770821377049,0.12479499284002567,79.17,3.0,89.22,3.0,2.0,4.0,2.0,2.0,2.0
703,20221128,-0.8143549539876136,1.2208907827620419,0.09872412269521753,79.17,3.0,89.27,3.0,2.0,4.0,2.0,2.0,2.0
704,20221129,2.897895421749677,1.8350484490271326,0.14835438470934614,79.17,3.0,89.27,3.0,2.0,4.0,2.0,2.0,2.0
705,20221130,-0.0745971662063739,1.1569514214208643,0.10706529695783484,79.17,3.0,89.27,3.0,2.0,4.0,2.0,2.0,2.0
706,20221201,0.4629134458070595,1.4185405178505721,0.1118284565647236,71.76,1.0,89.27,3.0,2.0,4.0,2.0,2.0,2.0
707,20221202,-0.5079238732811585,0.9433053473270828,0.07377532466742463,71.76,1.0,89.27,3.0,2.0,4.0,2.0,2.0,2.0
708,20221205,2.268290613188012,1.6513214188105265,0.13449276229245855,71.76,1.0,89.27,3.0,2.0,4.0,2.0,2.0,2.0
709,20221206,0.021187521226034896,1.2260106666194168,0.10183332656159529,71.76,1.0,89.27,3.0,2.0,4.0,2.0,2.0,2.0
710,20221207,-0.3639250432904459,1.19076178339162,0.0957052852527088,71.76,1.0,89.27,3.0,2.0,4.0,2.0,2.0,2.0
711,20221208,-0.037947346985841776,1.0586977221992966,0.08672364438132588,68.98,1.0,89.27,3.0,2.0,3.0,2.0,2.0,2.0
712,20221209,0.42636390865226736,1.3574077598301753,0.11133322222762163,67.13,0.0,89.27,3.0,2.0,3.0,2.0,2.0,2.0
713,20221212,-1.244478413605264,1.7103297009788732,0.13168018793898328,67.13,0.0,89.27,3.0,2.0,3.0,2.0,2.0,2.0
714,20221213,0.12245668650728707,1.0506918755459973,0.08391247225400947,58.8,0.0,89.35,3.0,2.0,3.0,2.0,0.0,2.0
715,20221214,-0.14361525773893694,1.1814963656230846,0.10676368020699986,53.24,0.0,89.35,3.0,2.0,3.0,1.0,0.0,2.0
716,20221215,-0.53355931939214,1.0597204536775875,0.08087211217678636,53.24,0.0,89.35,3.0,2.0,3.0,1.0,0.0,2.0
717,20221216,0.34939397579898435,1.078325393824369,0.08850894659229862,53.24,0.0,89.35,3.0,2.0,3.0,1.0,0.0,2.0
718,20221219,-2.257842606681834,1.074816262626162,0.09178872461827822,47.69,0.0,89.35,1.0,2.0,3.0,1.0,0.0,2.0
719,20221220,-1.1673392081511662,1.1683031445411467,0.09364232180539764,47.69,0.0,89.35,1.0,2.0,3.0,1.0,0.0,2.0
720,20221221,-0.14579558640635132,0.9002445539472587,0.07060564007275609,47.69,0.0,89.35,1.0,2.0,3.0,1.0,0.0,2.0
721,20221222,-0.2054030430754978,1.2606572987242757,0.10519746551391158,47.69,0.0,89.35,1.0,2.0,3.0,1.0,0.0,2.0
722,20221223,-0.0436115444881631,0.9298770083527493,0.08103698007790379,47.69,0.0,89.35,1.0,2.0,3.0,1.0,0.0,2.0
723,20221226,0.19672599538715646,1.303812534650341,0.10370953628778258,47.69,0.0,89.35,1.0,2.0,3.0,1.0,0.0,2.0
724,20221227,0.8795684730502167,1.058009638525236,0.0893970976066701,47.69,0.0,89.35,1.0,2.0,3.0,1.0,0.0,2.0
725,20221228,-0.4626584654169084,1.1543915116063637,0.09829123992318207,47.69,0.0,89.35,1.0,2.0,3.0,1.0,0.0,2.0
726,20221229,-0.4701686372966257,0.9808783896907843,0.0784614410899108,47.69,0.0,89.35,1.0,2.0,3.0,1.0,0.0,2.0
727,20221230,0.6064373123171444,0.8217430310728686,0.06619601822569605,47.69,0.0,89.35,1.0,2.0,3.0,1.0,0.0,2.0
728,20230103,0.7089671764167239,1.436734012830433,0.1141059467581503,0.0,0.0,89.35,0.0,0.0,0.0,0.0,0.0,2.0
729,20230104,0.4882855138875711,1.4154726525242296,0.12484602861386883,0.0,0.0,89.35,0.0,0.0,0.0,0.0,0.0,2.0
730,20230105,1.097993321957273,1.3019504581196897,0.11059172178159611,0.0,0.0,89.35,0.0,0.0,0.0,0.0,0.0,2.0
731,20230106,-0.2800508886615344,0.9894534682957002,0.08841663044579649,0.0,0.0,89.35,0.0,0.0,0.0,0.0,0.0,2.0
732,20230109,0.6092929807045244,1.3167931079185626,0.11438580837983663,0.0,0.0,89.35,0.0,0.0,0.0,0.0,0.0,0.0
