csad,cssd,r_m,r_m_abs,r_m_sqr,stringencyindex_weightedaverage,c6e_stayathomerequirements,D25Upper,D10Upper,D5Upper,populationvaccinated,rolling_deaths,cases
1.410459,.124775,.4661731,.4661731,.240477,.2639,0,0,0,0,0,2.285714,147
1.514365,.1266564,-3.202302,3.202302,10.10026,.4491,1,0,0,0,0,2.428571,132
2.069002,.1710406,-8.977271,8.977271,80.15728,.7731,3,0,0,0,0,49,2827
2.901235,.2111366,1.585229,1.585229,2.590299,.7731,3,0,0,0,0,51.42857,3233
1.631199,.1330074,1.643764,1.643764,2.782141,.7731,3,0,0,0,0,61.42857,3892
1.619229,.1327966,2.096705,2.096705,4.498287,.7731,3,0,0,0,0,66,3697
1.634138,.1362755,.2849634,.2849634,.095589,.7731,3,0,0,0,0,72.14286,3151
1.675074,.1377576,.7818024,.7818024,.6496583,.7546,3,0,0,0,0,83.85714,2984
1.455169,.1198202,.3854368,.3854368,.1678116,.7546,3,0,0,0,0,88.71429,2473
1.2368,.1124529,1.112996,1.112996,1.293239,.7546,3,0,0,0,0,79.14286,2022
1.41429,.12062,-.5771469,.5771469,.3057377,.7546,3,0,0,0,0,105.1429,15152
1.403679,.1195354,.7183107,.7183107,.551339,.7546,3,0,0,0,0,114.7143,4050
1.653049,.1286762,2.744392,2.744392,7.665164,.7546,3,0,0,0,0,121.8571,2051
1.310853,.1075304,-.0770902,.0770902,.0027962,.7546,3,0,0,0,0,127.4286,1893
1.556367,.1313622,-.4640046,.4640046,.1934181,.7546,3,0,0,0,0,142.8571,1750
1.89192,.1458718,2.236565,2.236565,5.111112,.7546,3,0,0,0,0,124.2857,397
1.553436,.1231448,.4847508,.4847508,.2590425,.7546,3,0,0,0,0,102.5714,893
2.029439,.1660829,-.0677226,.0677226,.0018932,.7546,3,0,0,0,0,104.4286,220
2.04481,.1614496,-.2346843,.2346843,.0442989,.8102,3,1,1,0,0,94.57143,517
2.694575,.2079549,-1.246148,1.246148,1.493129,.8102,3,1,1,0,0,85.85714,411
1.472219,.1284845,.0150382,.0150382,.0015405,.8102,3,1,1,0,0,72.57143,440
2.09234,.1579994,-4.055752,4.055752,16.25332,.8102,3,1,1,0,0,78.85714,329
1.763829,.1332415,3.534148,3.534148,12.66192,.8102,3,1,1,0,0,45.57143,206
1.250888,.1006519,.5410311,.5410311,.3194991,.8102,3,1,1,0,0,40.28571,128
1.595462,.1310826,.7398952,.7398952,.5838589,.8102,3,1,1,0,0,38,120
1.390474,.1125293,1.816296,1.816296,3.387468,.8102,3,1,1,0,0,38.42857,143
1.341022,.1061721,-1.48936,1.48936,2.146662,.8102,3,1,1,0,0,36.28571,145
1.767244,.1411251,-3.568884,3.568884,12.5647,.8102,3,1,1,0,0,29.85714,45
1.64827,.130564,2.113343,2.113343,4.569137,.8102,3,1,1,0,0,27.42857,20
1.353952,.1112091,-1.176668,1.176668,1.328155,.8102,3,1,1,0,0,25.42857,31
1.362003,.1127805,-1.944813,1.944813,3.688709,.8102,3,1,1,0,0,22.42857,25
1.20794,.1090595,-1.234859,1.234859,1.465667,.8102,3,1,1,0,0,19.42857,11
2.31476,.1669765,-4.291866,4.291866,18.21288,.7917,3,1,1,0,0,13.42857,29
1.594674,.1285741,-.4052152,.4052152,.1451639,.7917,3,1,1,0,0,13,40
1.387421,.1103873,-1.982031,1.982031,3.833057,.7917,3,1,1,0,0,11.42857,34
1.997074,.1597278,-.7943318,.7943318,.5930855,.7917,3,1,1,0,0,11,86
1.462076,.1173328,1.463458,1.463458,2.21316,.7917,3,1,1,0,0,10.57143,63
2.056496,.1559069,-3.848517,3.848517,14.62531,.7917,3,1,1,0,0,8.285714,103
1.52254,.1235042,2.255639,2.255639,5.197719,.7917,3,1,1,0,0,7.428571,146
1.629838,.1193684,2.646238,2.646238,7.131299,.7917,3,1,1,0,0,6.428571,101
1.452656,.1177582,-.9649197,.9649197,.8849321,.8194,3,1,1,1,0,6.142857,113
1.3128,.1076977,.2751531,.2751531,.0896191,.8194,3,1,1,1,0,6.142857,117
1.857378,.1435793,-1.299958,1.299958,1.627528,.7361,3,0,0,0,0,4.857143,106
1.600978,.1341711,.1095298,.1095298,.0178867,.7361,3,0,0,0,0,4.428571,98
1.286825,.1060726,-.5322419,.5322419,.2580951,.7361,3,0,0,0,0,4.857143,86
1.390249,.1162722,1.666036,1.666036,2.856936,.7361,3,0,0,0,0,4.857143,93
1.201016,.0937213,-.654815,.654815,.3976609,.6991,3,0,0,0,0,4.714286,78
1.241648,.0988156,2.449952,2.449952,6.121485,.6991,3,0,0,0,0,3.714286,67
1.018367,.0856074,-.1730744,.1730744,.0221602,.5694,1,0,0,0,0,3,85
1.117408,.0973982,.4672377,.4672377,.2415222,.5694,1,0,0,0,0,2.428571,92
1.321507,.1011725,-1.364803,1.364803,1.797186,.5694,1,0,0,0,0,2,56
1.354259,.1086121,-.6083548,.6083548,.3412235,.5694,1,0,0,0,0,1.571429,115
1.388956,.1108724,1.988676,1.988676,4.051717,.5694,1,0,0,0,0,1.571429,99
1.189498,.1033469,-.6447591,.6447591,.3850794,.5694,1,0,0,0,0,1.428571,49
1.0104,.0859411,.2512916,.2512916,.0759019,.5694,1,0,0,0,0,1.142857,52
1.255453,.1031634,.5120268,.5120268,.2875514,.5694,1,0,0,0,0,1,27
1.027184,.0878523,.3568081,.3568081,.1451759,.5694,1,0,0,0,0,184.4286,36
1.07819,.0874387,-1.094766,1.094766,1.146087,.5694,1,0,0,0,0,184.4286,13
1.031385,.0880235,.6011569,.6011569,.3910855,.5694,1,0,0,0,0,184.2857,37
1.235027,.1070655,-.2513619,.2513619,.0515973,.5694,1,0,0,0,0,184.2857,15
1.299495,.1116959,-1.171582,1.171582,1.316459,.5694,1,0,0,0,0,184.2857,9
1.539941,.1476627,.046339,.046339,.0049774,.5694,1,0,0,0,0,.1428571,3
1.883722,.1464708,-.071741,.071741,.0022591,.5694,1,0,0,0,0,.1428571,6
1.558989,.1271895,.4130171,.4130171,.1911687,.5694,1,0,0,0,0,.1428571,22
1.777304,.1354616,1.892926,1.892926,3.675417,.5694,1,0,0,0,0,.1428571,4
1.595023,.1260698,.885631,.885631,.8278131,.5694,1,0,0,0,0,0,2
1.112459,.1391799,-.5405018,.5405018,.2665558,.5694,1,0,0,0,0,0,3
1.085134,.120693,1.00537,1.00537,1.060037,.5694,1,0,0,0,0,0,6
1.248336,.1058879,-.0344521,.0344521,.0001049,.8194,3,1,1,1,0,0,20
1.074501,.0831444,-.272013,.272013,.0614057,.8194,3,1,1,1,0,.1428571,1
1.070508,.147985,.1697009,.1697009,.037602,.8194,3,1,1,1,0,.1428571,7
.9439172,.074009,-1.078564,1.078564,1.111659,.8194,3,1,1,1,0,.1428571,6
.8801187,.074261,-.1724208,.1724208,.021966,.8194,3,1,1,1,0,.1428571,5
1.658907,.1458662,-.0114446,.0114446,.000163,.8194,3,1,1,1,0,.2857143,10
1.156637,.1243837,.711225,.711225,.5408667,.8194,3,1,1,1,0,.1428571,6
1.244279,.1082753,-.7304751,.7304751,.4988084,.8194,3,1,1,1,0,.1428571,5
1.208477,.1137035,-.8233489,.8233489,.6386209,.8194,3,1,1,1,0,.1428571,2
1.119413,.1205658,-2.070741,2.070741,4.188285,.8194,3,1,1,1,0,.1428571,13
1.455521,.1266933,-.2871558,.2871558,.0691398,.8194,3,1,1,1,0,0,11
1.120497,.104559,1.249931,1.249931,1.62344,.8194,3,1,1,1,0,0,7
1.367055,.1089008,-.5608486,.5608486,.2879795,.8194,3,1,1,1,0,0,1
1.322454,.1603682,-.0535229,.0535229,.0008592,.8194,3,1,1,1,0,0,3
1.604577,.2255888,.2156252,.2156252,.0575216,.8194,3,1,1,1,0,0,0
1.516655,.1210665,2.570943,2.570943,6.734825,.8194,3,1,1,1,0,0,18
1.282499,.1057588,.2122383,.2122383,.0559085,.8194,3,1,1,1,0,0,9
1.188782,.1277489,-.3083958,.3083958,.0807608,.7824,3,1,0,0,0,0,5
1.35772,.2430745,-.6652496,.6652496,.41093,.7824,3,1,0,0,0,0,1
1.314162,.1390686,.3453607,.3453607,.1365835,.7824,3,1,0,0,0,0,11
1.284196,.1054116,.3546869,.3546869,.1435639,.7824,3,1,0,0,0,0,5
1.279221,.25052,.4783385,.4783385,.2525564,.7824,3,1,0,0,0,0,4
1.23232,.1000322,-.2625533,.2625533,.0568069,.7824,3,1,0,0,0,0,3
1.159494,.1254706,-.8016078,.8016078,.6043453,.7824,3,1,0,0,0,0,11
1.223083,.1302482,-.0978402,.0978402,.0054212,.7824,3,1,0,0,0,0,7
1.488827,.1245867,-.9041261,.9041261,.7742499,.7824,3,1,0,0,0,0,49
1.078784,.0901536,1.442675,1.442675,2.151754,.7824,3,1,0,0,0,0,45
1.182735,.1252708,.0876046,.0876046,.0125028,.7824,3,1,0,0,0,0,44
1.28453,.1054957,.5733162,.5733162,.3570392,.7824,3,1,0,0,0,0,36
1.405256,.1176181,.9875935,.9875935,1.023749,.7824,3,1,0,0,0,0,37
1.431328,.116448,.0181703,.0181703,.0017962,.7824,3,1,0,0,0,.1428571,21
1.455552,.1172157,.2362625,.2362625,.0678466,.7824,3,1,0,0,0,.1428571,52
1.281913,.1030913,.2586369,.2586369,.0800031,.7824,3,1,0,0,0,.2857143,28
1.456009,.1206623,-1.020236,1.020236,.9920653,.7824,3,1,0,0,0,.2857143,14
1.482706,.1291854,1.370425,1.370425,1.94501,.7824,3,1,0,0,0,.2857143,23
1.831979,.1481371,1.649318,1.649318,2.8007,.7824,3,1,0,0,0,.1428571,5
2.227557,.1710759,2.522976,2.522976,6.488166,.7824,3,1,0,0,0,.1428571,31
2.230205,.1726456,2.071712,2.071712,4.392894,.7824,3,1,0,0,0,0,15
2.622872,.1803242,5.395286,5.395286,29.37095,.7824,3,1,0,0,0,0,14
2.457472,.1884293,.2091527,.2091527,.0544588,.7824,3,1,0,0,0,0,25
2.181937,.1652052,2.127811,2.127811,4.631201,.7824,3,1,0,0,0,0,21
2.158402,.165908,1.842049,1.842049,3.482927,.7824,3,1,0,0,0,0,33
2.409617,.2058451,-1.787429,1.787429,3.108935,.7824,3,1,0,0,0,0,46
2.06987,.1708332,2.218349,2.218349,5.029079,.7824,3,1,0,0,0,0,46
1.794026,.1427275,-.8756613,.8756613,.7249669,.7824,3,1,0,0,0,.1428571,55
2.379836,.1866257,-1.929984,1.929984,3.631968,.7824,3,1,0,0,0,.1428571,54
2.265423,.1678023,-4.513814,4.513814,20.15653,.7824,3,1,0,0,0,.4285714,20
2.108864,.166869,.0834565,.0834565,.0115924,.7824,3,1,0,0,0,.4285714,78
2.313551,.1873103,3.540059,3.540059,12.70402,.7824,3,1,0,0,0,.7142857,131
1.945891,.2270491,-.2766988,.2766988,.0637499,.7824,3,1,0,0,0,.5714286,84
1.298684,.1050297,.4752138,.4752138,.2494255,.7824,3,1,0,0,0,.8571429,74
1.875733,.1553406,-.3203573,.3203573,.0877024,.7824,3,1,0,0,0,.5714286,135
1.972208,.156157,-4.323609,4.323609,18.48482,.7824,3,1,0,0,0,.7142857,139
1.729618,.142144,.4108343,.4108343,.1892648,.7824,3,1,0,0,0,.8571429,189
1.255039,.1078684,.6526349,.6526349,.4581209,.7824,3,1,0,0,0,1.428571,217
1.479708,.1185238,2.355505,2.355505,5.663048,.7824,3,1,0,0,0,1.285714,212
1.458785,.1240393,-.445916,.445916,.1778348,.7824,3,1,0,0,0,1.428571,223
1.248621,.1141156,.7374716,.7374716,.580161,.7824,3,1,0,0,0,1.428571,276
1.749002,.1438397,2.119416,2.119416,4.595136,.7824,3,1,0,0,0,2.571429,158
1.76683,.1399209,-.0243905,.0243905,3.21e-08,.7824,3,1,0,0,0,2.142857,114
1.718842,.1398887,.2232191,.2232191,.0612218,.7824,3,1,0,0,0,2.714286,108
1.913177,.1595274,.2315602,.2315602,.0654191,.7824,3,1,0,0,0,2.714286,122
1.88012,.1548958,-1.257382,1.257382,1.52071,.7824,3,1,0,0,0,3,133
1.786093,.1486776,.6288696,.6288696,.4265148,.7824,3,1,0,0,0,2.285714,121
1.556786,.1180595,-1.336308,1.336308,1.721599,.7824,3,1,0,0,0,2.571429,113
1.935061,.1526321,-.710935,.710935,.4715893,.7824,3,1,0,0,0,2.285714,61
1.102336,.0904454,.0063452,.0063452,.0009337,.7824,3,1,0,0,0,2.857143,82
1.16325,.1023944,1.235509,1.235509,1.586894,.7824,3,1,0,0,0,2.857143,99
1.690131,.1286058,2.455935,2.455935,6.151124,.7824,3,1,0,0,0,2.428571,98
1.248368,.102732,-.0269313,.0269313,7.40e-06,.7824,3,1,0,0,0,2,67
1.873274,.1838888,-1.227078,1.227078,1.446887,.7824,3,1,0,0,0,1.857143,54
1.438197,.1178009,-1.444487,1.444487,2.017182,.7824,3,1,0,0,0,1.285714,33
1.26171,.1055663,.7771276,.7771276,.6421442,.7824,3,1,0,0,0,1.285714,40
1.516525,.1287509,.4360319,.4360319,.2118239,.7824,3,1,0,0,0,1.142857,41
1.416358,.1643065,-.5924616,.5924616,.3229083,.7824,3,1,0,0,0,1.142857,23
1.536633,.1284294,-1.446219,1.446219,2.022107,.7824,3,1,0,0,0,1,34
1.241353,.1025401,.5934557,.5934557,.3815126,.7824,3,1,0,0,0,1,32
1.457824,.1215901,1.846328,1.846328,3.498917,.7824,3,1,0,0,0,.8571429,30
1.418747,.1181432,-.5272959,.5272959,.2530941,.7824,3,1,0,0,0,1.571429,32
1.460586,.1162078,.5922714,.5922714,.3800511,.7824,3,1,0,0,0,1.714286,19
1.385544,.1172437,-.056507,.056507,.001043,.5509,0,0,0,0,0,1.714286,20
1.369388,.1163242,-.5615292,.5615292,.2887104,.5509,0,0,0,0,0,2,20
1.166124,.0969788,-.6599364,.6599364,.4041463,.4676,0,0,0,0,0,1.857143,33
1.720165,.1295982,-1.893671,1.893671,3.494878,.4676,0,0,0,0,0,1.142857,34
1.521472,.1265771,.7204853,.7204853,.5545731,.4676,0,0,0,0,0,1.285714,22
1.855996,.1487957,-2.143883,2.143883,4.49301,.4676,0,0,0,0,0,1.285714,9
1.779496,.1398277,-1.005602,1.005602,.9631284,.4676,0,0,0,0,0,.8571429,13
1.366897,.1167258,.6840811,.6840811,.5016782,.4676,0,0,0,0,0,.7142857,28
1.185382,.1026505,.331172,.331172,.1262974,.4676,0,0,0,0,0,.5714286,29
1.160311,.0969131,.6801686,.6801686,.4961511,.8194,3,1,1,1,0,.4285714,23
1.235542,.1021139,-.1715246,.1715246,.0217012,.8194,3,1,1,1,0,.4285714,16
1.277618,.1133087,-.2627916,.2627916,.0569205,.8194,3,1,1,1,0,.4285714,19
1.569582,.1264328,2.133666,2.133666,4.656435,.8194,3,1,1,1,0,.4285714,44
1.06749,.091344,-.5967664,.5967664,.3278192,.7546,3,0,0,0,0,.4285714,36
1.107452,.0945113,-1.488296,1.488296,2.143543,.7176,3,0,0,0,0,.2857143,14
1.166265,.1045659,.1130068,.1130068,.0188288,.6343,3,0,0,0,0,.1428571,18
1.032318,.084361,-2.043654,2.043654,4.078149,.6343,3,0,0,0,0,.2857143,10
1.144446,.0997949,-.1268225,.1268225,.010529,.6343,3,0,0,0,0,.2857143,15
1.168857,.0962155,-.2084136,.2084136,.0339304,.5417,0,0,0,0,0,.2857143,27
1.057357,.0838034,.3839023,.3839023,.1665567,.5417,0,0,0,0,0,.2857143,25
1.067405,.0865454,-.3358828,.3358828,.0971391,.5417,0,0,0,0,0,.2857143,23
1.571963,.1319177,1.995073,1.995073,4.077511,.5417,0,0,0,0,0,0,40
1.443668,.1295734,2.539092,2.539092,6.570522,.6157,3,0,0,0,0,0,28
1.36935,.1169169,.1381794,.1381794,.0263708,.6157,3,0,0,0,0,0,26
1.272443,.1064422,-.7876687,.7876687,.5828671,.6157,3,0,0,0,0,0,28
1.106889,.098314,-.2786905,.2786905,.0647596,.6157,3,0,0,0,0,0,11
1.170031,.0971942,-.1178962,.1178962,.0087768,.6157,3,0,0,0,0,0,37
1.195395,.0990566,-.7482718,.7482718,.5242634,.6157,3,0,0,0,0,0,17
1.214881,.1013591,.6051135,.6051135,.3960498,.6157,3,0,0,0,0,0,39
1.299697,.1077398,-.2650093,.2650093,.0579836,.6157,3,0,0,0,0,0,19
1.328318,.1763226,-.5559886,.5559886,.282787,.6157,3,0,0,0,0,0,23
1.413608,.1122933,-1.066864,1.066864,1.087124,.6157,3,0,0,0,0,0,33
1.61707,.1343798,-.6053207,.6053207,.337688,.8194,3,1,1,1,0,0,26
1.305428,.1082189,.133136,.133136,.0247582,.8194,3,1,1,1,0,0,24
1.591244,.1351194,.4714754,.4714754,.2457054,.8194,3,1,1,1,0,0,47
1.60731,.1367125,.3255897,.3255897,.1223608,.8194,3,1,1,1,0,0,50
1.784146,.1441536,-1.735177,1.735177,2.927404,.6898,2,0,0,0,0,0,31
2.22491,.1778572,.0848642,.0848642,.0118975,.6343,2,0,0,0,0,0,34
1.315641,.1061952,1.539036,1.539036,2.443742,.6343,2,0,0,0,0,0,60
1.43809,.1261273,.2514242,.2514242,.075975,.6343,2,0,0,0,0,0,30
1.48769,.1289542,1.531089,1.531089,2.418961,.6343,2,0,0,0,0,.1428571,32
1.494242,.1236083,-.0404328,.0404328,.0002631,.6343,2,0,0,0,0,.2857143,44
1.576755,.124696,2.002842,2.002842,4.108946,.6343,2,0,0,0,0,.2857143,47
1.680286,.140001,-.6758254,.6758254,.4246008,.6343,2,0,0,0,0,.2857143,29
1.852038,.1438402,-.9112653,.9112653,.7868646,.6343,2,0,0,0,0,.4285714,28
1.257207,.1011311,.048694,.048694,.0053152,.6343,2,0,0,0,0,.2857143,37
1.375826,.1131019,-.5810297,.5810297,.3100466,.6343,2,0,0,0,0,.1428571,36
1.595562,.1338057,1.142797,1.142797,1.361908,.6343,2,0,0,0,0,.1428571,24
1.589453,.1360192,-.0703105,.0703105,.0021251,.6343,2,0,0,0,0,.1428571,24
1.45962,.126728,.0441848,.0441848,.004678,.6343,2,0,0,0,0,0,14
1.315905,.117075,.3900244,.3900244,.1715913,.6343,2,0,0,0,0,0,23
1.305896,.1124291,.5331615,.5331615,.3106646,.7639,3,0,0,0,0,0,31
1.647617,.1290637,.9970508,.9970508,1.042976,.7639,3,0,0,0,0,0,85
1.271842,.1123393,-.2910089,.2910089,.0711809,.8194,3,1,1,1,0,0,96
1.303271,.1047301,-1.365865,1.365865,1.800035,.8194,3,1,1,1,0,0,85
1.286022,.1043748,.0150011,.0150011,.0015376,.8194,3,1,1,1,0,0,111
1.297397,.1023164,.9825315,.9825315,1.013531,.8194,3,1,1,1,0,0,88
1.457677,.1192661,-.0191985,.0191985,.0000251,.8194,3,1,1,1,0,.1428571,136
1.415888,.1138647,1.711423,1.711423,3.012428,.8194,3,1,1,1,0,.1428571,112
1.273024,.1121079,.0896361,.0896361,.0129612,.8194,3,1,1,1,0,.1428571,91
1.390478,.1142346,-.280614,.280614,.0657423,.8194,3,1,1,1,0,.2857143,129
1.341701,.1108249,-.1642825,.1642825,.0196199,.8194,3,1,1,1,0,.4285714,108
1.264747,.120564,-1.148762,1.148762,1.264615,.8194,3,1,1,1,0,.4285714,133
.9596109,.0784448,-.3001568,.3001568,.0761459,.7824,3,1,0,0,0,.4285714,90
1.384716,.1112588,-1.600332,1.600332,2.484155,.7824,3,1,0,0,0,.4285714,117
1.229352,.1062523,-.2146003,.2146003,.0362479,.7824,3,1,0,0,0,.5714286,118
1.335547,.1105056,-1.063543,1.063543,1.080211,.7824,3,1,0,0,0,.4285714,131
1.557049,.129234,.2391482,.2391482,.0693583,.7824,3,1,0,0,0,.7142857,114
1.293644,.1045827,.1639693,.1639693,.035412,.7824,3,1,0,0,0,1.142857,103
1.167264,.0938924,-.2773706,.2773706,.0640896,.7824,3,1,0,0,0,1.571429,112
1.362502,.1111596,1.205804,1.205804,1.512938,.7824,3,1,0,0,0,1.285714,96
1.518767,.1205604,-.0092546,.0092546,.0002237,.7824,3,1,0,0,0,1.571429,116
1.597914,.129509,.8085102,.8085102,.6934252,.7824,3,1,0,0,0,1.857143,100
1.735514,.1317828,-2.302425,2.302425,5.190259,.7824,3,1,0,0,0,1.571429,100
1.561791,.1344857,.7516817,.7516817,.6020101,.7824,3,1,0,0,0,1.285714,82
1.642366,.1287197,-.7437354,.7437354,.5177149,.7824,3,1,0,0,0,1.428571,76
1.569024,.1300084,1.059754,1.059754,1.174981,.7824,3,1,0,0,0,1.428571,85
1.681481,.144391,-.2181012,.2181012,.0375932,.7824,3,1,0,0,0,1,93
1.863313,.1632683,-.2634562,.2634562,.0572381,.7824,3,1,0,0,0,1.428571,96
1.462939,.1179668,.900378,.900378,.8548655,.7824,3,1,0,0,0,1.571429,79
1.551819,.1184611,1.753137,1.753137,3.158966,.7824,3,1,0,0,0,2,81
2.35241,.1853339,.9736929,.9736929,.995813,.7824,3,1,0,0,0,1.857143,78
2.463381,.1873894,1.044138,1.044138,1.14137,.7824,3,1,0,0,0,1.714286,89
1.914721,.1481073,.2366499,.2366499,.0680486,.7824,3,1,0,0,0,1.428571,66
2.501676,.1921527,.6674306,.6674306,.4783687,.7824,3,1,0,0,0,1,90
2.034399,.1603219,.5524422,.5524422,.3325294,.7824,3,1,0,0,0,.8571429,89
2.233393,.1737646,-1.514236,1.514236,2.220174,.7824,3,1,0,0,0,1.142857,134
1.998834,.1546739,1.994222,1.994222,4.074072,.7824,3,1,0,0,0,.8571429,102
2.333269,.176931,-.1048387,.1048387,.0065008,.7824,3,1,0,0,0,1,179
2.238265,.1792918,-1.039856,1.039856,1.031533,.7824,3,1,0,0,0,1.142857,184
1.780374,.1476417,-.2570812,.2570812,.0542284,.7824,3,1,0,0,0,1.142857,173
1.733621,.1423919,1.032877,1.032877,1.117435,.7824,3,1,0,0,0,.7142857,169
2.010974,.152925,-.7516287,.7516287,.5291359,.7824,3,1,0,0,0,.7142857,232
1.707248,.1376798,.3375369,.3375369,.1308618,.7824,3,1,0,0,0,.8571429,165
1.813286,.1450023,1.082393,1.082393,1.224573,.7824,3,1,0,0,0,.7142857,223
2.280911,.1794315,-.6351179,.6351179,.3732068,.7824,3,1,0,0,0,.8571429,175
2.206108,.1740006,-.1159333,.1159333,.0084129,.7824,3,1,0,0,0,1,205
2.412131,.185516,-1.313945,1.313945,1.663414,.7824,3,1,0,0,0,1.285714,155
1.652771,.1410748,.282939,.282939,.0943414,.7824,3,1,0,0,0,1.285714,140
2.02626,.1560934,-2.121917,2.121917,4.400367,.7824,3,1,0,0,0,1.428571,117
1.935274,.1486534,-.8079022,.8079022,.6141713,.7824,3,1,0,0,0,1.571429,93
2.378932,.2022709,.8716946,.8716946,.8026475,.7824,3,1,0,0,0,2,97
2.229908,.1769239,.9067401,.9067401,.8666707,.7824,3,1,0,0,0,1.714286,65
1.900438,.157029,-.7654488,.7654488,.5494329,.7824,3,1,0,0,0,1.714286,53
2.017364,.1584305,-1.182571,1.182571,1.341796,.7824,3,1,0,0,0,1.571429,51
2.460483,.1908207,-.4568955,.4568955,.1872156,.7824,3,1,0,0,0,1.571429,44
2.183197,.1738354,1.304511,1.304511,1.765502,.7824,3,1,0,0,0,.8571429,44
1.907216,.1464769,2.074161,2.074161,4.403165,.7824,3,1,0,0,0,.7142857,47
1.889509,.150003,1.187005,1.187005,1.467046,.7824,3,1,0,0,0,.7142857,45
2.468272,.2006058,1.259772,1.259772,1.648613,.7824,3,1,0,0,0,1.142857,28
2.202157,.1746126,1.143623,1.143623,1.363838,.7824,3,1,0,0,0,.8571429,20
2.92287,.2323536,-.9558419,.9558419,.8679354,.6157,1,0,0,0,0,.5714286,31
1.846372,.1542682,-.4116151,.4116151,.1500817,.6157,1,0,0,0,0,.5714286,26
2.268843,.1746534,-1.543166,1.543166,2.307223,.6157,1,0,0,0,0,.2857143,24
1.996153,.1547341,.5190617,.5190617,.2951457,.6157,1,0,0,0,0,.1428571,28
1.851374,.1479788,-2.016786,2.016786,3.970355,.6157,1,0,0,0,0,.1428571,24
1.875627,.1457296,1.474012,1.474012,2.244673,.5602,1,0,0,0,0,.2857143,42
1.671376,.1421012,-1.034766,1.034766,1.02122,.5602,1,0,0,0,0,.4285714,25
1.588761,.1349068,1.59908,1.59908,2.635075,.5602,1,0,0,0,0,.4285714,23
2.160029,.1661212,-2.025503,2.025503,4.00517,.5602,1,0,0,0,0,.2857143,27
1.918722,.1541047,-.0496855,.0496855,.0006489,.5602,1,0,0,0,0,.4285714,20
2.448035,.1891485,-2.204513,2.204513,4.753715,.5602,1,0,0,0,0,.5714286,37
2.200222,.1677653,-1.894695,1.894695,3.49871,.5602,1,0,0,0,0,.4285714,24
1.837332,.145974,-.4452936,.4452936,.1773102,.5602,1,0,0,0,0,.4285714,27
1.610754,.1288878,2.207486,2.207486,4.980475,.5602,1,0,0,0,0,.5714286,20
1.651249,.1356623,.4484778,.4484778,.2234351,.5602,1,0,0,0,0,.4285714,31
2.208872,.1722577,-1.20767,1.20767,1.400574,.5139,1,0,0,0,0,.1428571,30
1.417841,.1208338,.5916284,.5916284,.3792587,.5139,1,0,0,0,0,.1428571,48
1.633654,.136288,.24815,.24815,.0741807,.5139,1,0,0,0,0,.1428571,22
1.398569,.1140456,.4456435,.4456435,.2207636,.5139,1,0,0,0,0,0,17
1.491496,.1139747,-1.854277,1.854277,3.349142,.5139,1,0,0,0,0,0,29
1.480476,.1236601,1.32314,1.32314,1.815356,.5139,1,0,0,0,0,0,16
1.637738,.1288605,-1.153934,1.153934,1.276272,.5139,1,0,0,0,0,0,27
1.942965,.1526843,-1.604163,1.604163,2.496248,.5139,1,0,0,0,0,.1428571,23
1.354968,.118026,.0192663,.0192663,.0018903,.5139,1,0,0,0,0,.1428571,23
1.611276,.1220267,1.732299,1.732299,3.08533,.5139,1,0,0,0,0,.1428571,23
1.39616,.1223159,.1423405,.1423405,.0277395,.4444,1,0,0,0,0,.2857143,18
1.513141,.1312518,.2667525,.2667525,.08466,.4444,1,0,0,0,0,.2857143,17
1.629908,.1343267,-.440242,.440242,.1730815,.5,1,0,0,0,0,.1428571,19
1.275597,.1058219,.7152331,.7152331,.5467781,.5,1,0,0,0,0,.1428571,28
1.341775,.1061199,.2501211,.2501211,.0752583,.5,1,0,0,0,0,.1428571,28
1.201938,.109322,.0290088,.0290088,.0028324,.7824,3,1,0,0,0,0,41
1.513724,.1345807,.159604,.159604,.0337881,.7824,3,1,0,0,0,0,21
1.140736,.0944907,-.1137203,.1137203,.0080119,.7824,3,1,0,0,0,0,33
1.302486,.1163866,-.7987546,.7987546,.5999172,.7824,3,1,0,0,0,0,31
1.859058,.1399454,-1.66955,1.66955,2.70714,.7824,3,1,0,0,0,.4285714,30
1.412529,.1275748,-.5644252,.5644252,.291831,.7824,3,1,0,0,0,.4285714,23
1.277175,.1125488,.9415666,.9415666,.9327272,.7824,3,1,0,0,0,.5714286,29
1.222346,.1033598,-.4603049,.4603049,.1901776,.7824,3,1,0,0,0,.7142857,20
1.31464,.1113534,.8517237,.8517237,.7672622,.7824,3,1,0,0,0,.7142857,18
1.765133,.1397955,1.830655,1.830655,3.440531,.7824,3,1,0,0,0,.2857143,42
1.185591,.1001585,-.3624984,.3624984,.1144381,.7824,3,1,0,0,0,.2857143,25
1.239984,.1070362,-.0383047,.0383047,.0001986,.7824,3,1,0,0,0,.1428571,31
1.052815,.0965512,-.1410853,.1410853,.0136595,.7824,3,1,0,0,0,0,11
1.361246,.1141001,.0966735,.0966735,.0146132,.7824,3,1,0,0,0,0,37
1.576124,.1283177,-.728906,.728906,.4965945,.7824,3,1,0,0,0,.1428571,20
1.601526,.1337646,-.3345364,.3345364,.0963016,.7824,3,1,0,0,0,.1428571,19
1.58931,.1333791,.7525458,.7525458,.6033517,.7824,3,1,0,0,0,.1428571,26
1.56543,.1276388,.6486946,.6486946,.4528024,.7824,3,1,0,0,0,.1428571,33
1.924322,.1655795,-1.095337,1.095337,1.14731,.7824,3,1,0,0,0,.1428571,33
2.147223,.1756047,-.3686921,.3686921,.118667,.6343,1,0,0,0,0,.1428571,18
1.862848,.1466467,-.6420032,.6420032,.3816667,.6343,1,0,0,0,0,.1428571,28
2.018278,.1646221,.1369778,.1369778,.025982,.6343,1,0,0,0,0,0,13
1.772548,.1489718,.2250599,.2250599,.0621362,.6343,1,0,0,0,0,0,33
1.229591,.1129271,.4152577,.4152577,.1931331,.6157,1,0,0,0,0,0,28
1.502966,.1234166,-1.054333,1.054333,1.061152,.6157,1,0,0,0,0,0,32
1.889969,.146252,1.918748,1.918748,3.775092,.6713,3,0,0,0,0,0,35
1.88138,.1642094,.7113867,.7113867,.5411046,.6898,3,0,0,0,0,0,234
1.22851,.10603,.3300613,.3300613,.1255091,.6898,3,0,0,0,0,0,357
1.287332,.1233876,-.4843866,.4843866,.2117613,.6898,3,0,0,0,0,.2857143,258
1.688136,.1396249,-.1312531,.1312531,.0114579,.6898,3,0,0,0,0,.2857143,286
1.483718,.1745737,-.9243761,.9243761,.8102965,.6898,3,0,0,0,0,.4285714,319
1.425563,.1316365,.2936617,.2936617,.1010433,.6898,3,0,0,0,0,1.571429,474
1.588998,.12904,2.082786,2.082786,4.439436,.6898,3,0,0,0,0,2.428571,611
1.380204,.1181986,.2548178,.2548178,.0778573,.6898,3,0,0,0,0,3,558
1.251308,.1226105,.3585922,.3585922,.1465386,.6898,3,0,0,0,0,4.571429,654
1.367178,.1160809,-.3695735,.3695735,.119275,.6898,3,0,0,0,0,6.285714,678
1.434349,.1237089,.1357311,.1357311,.0255816,.6619999,2,0,0,0,0,12.28571,382
1.46331,.160669,.0011353,.0011353,.0006425,.6619999,2,0,0,0,0,13.57143,377
1.404803,.1131288,-.7753707,.7753707,.5642403,.6619999,2,0,0,0,0,14.57143,361
1.434692,.1629339,-.3664163,.3664163,.1171042,.6619999,2,0,0,0,0,14.71429,573
1.395443,.1805463,.130104,.130104,.0238132,.6619999,2,0,0,0,0,15.28571,609
1.421974,.1172801,-.0012195,.0012195,.0005286,.6619999,2,0,0,0,0,21.57143,562
1.478655,.14403,-.3723529,.3723529,.1212025,.6619999,2,0,0,0,0,23.14286,24
1.246401,.1038331,-.0808694,.0808694,.0032101,.6619999,2,0,0,0,0,24.42857,237
1.287658,.1195443,.1413146,.1413146,.0273988,.6619999,2,0,0,0,0,26.28572,289
1.679639,.1345448,-.9552568,.9552568,.8668456,.6991,2,0,0,0,0,27.85714,281
1.520424,.1267511,-1.388463,1.388463,1.861182,.7824,2,1,0,0,0,23.71428,206
1.973816,.1877306,-1.036157,1.036157,1.024035,.7824,2,1,0,0,0,21.71428,156
1.331002,.1244985,.0286933,.0286933,.0027989,.7824,2,1,0,0,0,20.71428,190
1.910076,.2035278,.0618779,.0618779,.0074114,.7824,2,1,0,0,0,19.42857,197
1.617509,.1313344,-.0102256,.0102256,.0001956,.7824,2,1,0,0,0,16,127
1.400946,.12915,.4749536,.4749536,.2491657,.7824,2,1,0,0,0,16.71428,101
1.630716,.1769534,.4069334,.4069334,.1858858,.7824,2,1,0,0,0,16.42857,109
1.444428,.1884749,-.1933363,.1933363,.0286032,.7454,2,0,0,0,0,17.28572,121
1.404174,.1169011,1.148967,1.148967,1.376346,.7454,2,0,0,0,0,15.42857,161
1.649123,.1393058,-.0492781,.0492781,.0006283,.7454,2,0,0,0,0,11.85714,117
1.250344,.1079857,-1.020682,1.020682,.9929546,.7454,2,0,0,0,0,9.428572,81
1.248186,.1115019,.5316188,.5316188,.3089472,.7454,2,0,0,0,0,9.857142,64
2.02731,.1814844,-.68423,.68423,.4356246,.7454,2,0,0,0,0,7.142857,69
1.705884,.1297321,-1.602337,1.602337,2.490482,.6898,2,0,0,0,0,8.142858,72
1.803146,.1762664,-.0064982,.0064982,.0003138,.6898,2,0,0,0,0,8.142858,64
1.58477,.1375509,.212779,.212779,.0561644,.6898,2,0,0,0,0,8,53
1.588416,.1308601,.5479321,.5479321,.3273482,.8194,3,1,1,1,0,9.142858,87
1.60276,.1376107,-.8986247,.8986247,.7645985,.8194,3,1,1,1,0,9.714286,58
1.607832,.1473171,.1901031,.1901031,.0459307,.8194,3,1,1,1,0,8.285714,47
1.847198,.1579421,.7997177,.7997177,.6788591,.8194,3,1,1,1,0,7.571429,59
1.538125,.1389932,.5186037,.5186037,.2946483,.8194,3,1,1,1,0,7.428571,53
1.582429,.1550332,-1.239715,1.239715,1.477448,.8194,3,1,1,1,0,5.857143,53
1.625563,.1382791,.4700357,.4700357,.2442802,.8194,3,1,1,1,0,5.428571,58
1.749434,.1761941,-.2911317,.2911317,.0712465,.8194,3,1,1,1,0,5.857143,54
1.559405,.1285681,-.1340365,.1340365,.0120616,.8194,3,1,1,1,0,4,51
1.293852,.1195859,-.1874966,.1874966,.0266621,.7083,3,0,0,0,0,4,86
1.771607,.1626572,.3521544,.3521544,.1416512,.7083,3,0,0,0,0,3.714286,53
1.772999,.1548615,.5560768,.5560768,.3367344,.7083,3,0,0,0,0,3.571429,81
1.827076,.1496335,-.7776154,.7776154,.5676175,.7083,3,0,0,0,0,3.285714,82
2.098809,.1687484,-2.506874,2.506874,6.163612,.7083,3,0,0,0,0,2.571429,93
2.267371,.1720604,-2.424013,2.424013,5.759048,.7083,3,0,0,0,0,2.428571,82
2.160482,.1578499,-.9860569,.9860569,.9251467,.7083,3,0,0,0,0,2,104
2.054406,.1636099,1.181822,1.181822,1.454517,.7083,3,0,0,0,0,1.285714,70
2.09708,.1717711,-.0177074,.0177074,.0000423,.7083,3,0,0,0,0,.7142857,84
2.214346,.186955,2.079322,2.079322,4.424852,.7083,3,0,0,0,0,.4285714,115
1.862054,.1640274,-.1606275,.1606275,.0186094,.7083,3,0,0,0,0,.4285714,107
1.792435,.1476928,.5605969,.5605969,.3420007,.7083,3,0,0,0,0,.5714286,123
1.578749,.1303007,-.6161343,.6161343,.3503728,.7083,3,0,0,0,0,.5714286,108
1.492079,.1336096,-.1689189,.1689189,.0209403,.7083,3,0,0,0,0,.5714286,141
1.85048,.1505081,1.495048,1.495048,2.308149,.7083,3,0,0,0,0,2.857143,134
1.40403,.1226934,.8157027,.8157027,.7054557,.7083,3,0,0,0,0,3.428571,153
1.590901,.1354498,.1629142,.1629142,.035016,.7083,3,0,0,0,0,3.285714,123
1.660337,.1486097,-.2035026,.2035026,.0321453,.7083,3,0,0,0,54.5,3.571429,98
1.404615,.133649,-.2936118,.2936118,.0725766,.7083,3,0,0,0,54.5,3.714286,110
1.456049,.1313823,.320444,.320444,.1187874,.7083,3,0,0,0,54.5,1.714286,61
1.770712,.1413286,-1.50836,1.50836,2.202698,.7083,3,0,0,0,54.5,1.142857,55
2.087807,.1658898,1.412553,1.412553,2.064293,.7083,3,0,0,0,54.5,1,49
1.881246,.1505355,-.5428403,.5428403,.2689759,.7083,3,0,0,0,54.5,.7142857,60
1.80351,.1488964,-.8683464,.8683464,.7125639,.7083,3,0,0,0,54.5,1.285714,44
1.918109,.1506838,1.274039,1.274039,1.685454,.7083,3,0,0,0,54.5,1,36
1.570735,.130835,.6934387,.6934387,.5150217,.7083,3,0,0,0,54.5,1,46
1.924369,.1553111,.5473167,.5473167,.3266444,.7083,3,0,0,0,54.5,1.142857,33
1.957542,.1655629,-.8559768,.8559768,.6918337,.7083,3,0,0,0,62.38,1.285714,32
1.781803,.1531037,.2074388,.2074388,.0536618,.7083,3,0,0,0,62.38,.8571429,43
2.504241,.1966762,-.0368038,.0368038,.0001586,.7083,3,0,0,0,62.38,.8571429,53
2.210558,.1868286,.8588839,.8588839,.7798573,.7083,3,0,0,0,62.38,.8571429,48
2.640505,.2158956,1.386409,1.386409,1.98985,.7083,3,0,0,0,62.38,.8571429,25
2.124107,.1744505,.8614104,.8614104,.7843259,.7083,3,0,0,0,62.38,.8571429,35
2.074051,.1681088,-.302582,.302582,.0774902,.7083,3,0,0,0,62.38,.7142857,28
1.816087,.1415767,1.520337,1.520337,2.38563,.7083,3,0,0,0,68.01,.4285714,32
1.534569,.1239463,1.235153,1.235153,1.586,.7083,3,0,0,0,68.01,.4285714,54
1.795529,.1503909,.4993244,.4993244,.2740898,.7083,3,0,0,0,68.01,.2857143,37
1.986522,.1656626,.5573465,.5573465,.3382096,.7083,3,0,0,0,68.01,.1428571,39
1.83128,.1496408,.0224386,.0224386,.0021762,.7083,3,0,0,0,68.01,.1428571,25
2.162098,.1682464,.3299141,.3299141,.1254048,.7083,3,0,0,0,68.01,.2857143,66
1.627259,.1292842,-2.204254,2.204254,4.752586,.7083,3,0,0,0,68.01,.4285714,98
1.668033,.1425745,-.3974448,.3974448,.1393031,.7083,3,0,0,0,70.94,.4285714,80
1.78095,.1501869,-1.447705,1.447705,2.026334,.7083,3,0,0,0,70.94,.4285714,86
2.143723,.1680951,.3814559,.3814559,.1645659,.7083,3,0,0,0,70.94,.2857143,96
2.421095,.1933353,.313367,.313367,.1139592,.7639,3,0,0,0,71.69,.1428571,47
1.764854,.1467689,1.070392,1.070392,1.198156,.7639,3,0,0,0,71.69,.2857143,51
2.05286,.1681085,-1.07735,1.07735,1.109101,.7639,3,0,0,0,71.69,.2857143,65
2.756756,.2140107,-1.359274,1.359274,1.782391,.7639,3,0,0,0,71.69,.1428571,51
1.936483,.1559916,.7684546,.7684546,.6283193,.7639,3,0,0,0,73.49,.2857143,43
2.041026,.1605333,-1.808897,1.808897,3.185102,.7639,3,0,0,0,73.49,.2857143,53
1.463188,.1178642,.6038324,.6038324,.394439,.7639,3,0,0,0,73.49,.1428571,38
2.28405,.1916334,1.056007,1.056007,1.166873,.7639,3,0,0,0,73.49,.2857143,34
1.812033,.1511843,-.0076188,.0076188,.0002753,.7639,3,0,0,0,73.49,.4285714,32
1.671899,.1292949,-1.576,1.576,2.408047,.7639,3,0,0,0,73.49,.2857143,30
1.680143,.1415088,.2789207,.2789207,.0918891,.7639,3,0,0,0,73.49,.2857143,30
1.513715,.1305543,-.205329,.205329,.0328036,.7639,3,0,0,0,73.49,.2857143,28
1.464456,.1199534,-.1185839,.1185839,.0089062,.7639,3,0,0,0,73.49,.2857143,19
1.837567,.1532117,-.0168115,.0168115,.0000548,.7639,3,0,0,0,73.49,0,28
1.43391,.1206051,.7589331,.7589331,.6133152,.7083,3,0,0,0,73.49,0,30
1.53925,.1397275,-.422924,.422924,.1589717,.7083,3,0,0,0,73.49,0,38
1.417036,.1130606,.1995496,.1995496,.050069,.7083,3,0,0,0,73.49,0,29
1.783142,.1480256,-.2812143,.2812143,.0660505,.7083,3,0,0,0,73.49,0,51
1.664152,.1390078,.2554409,.2554409,.0782054,.7083,3,0,0,0,74.87,0,47
1.535257,.1321673,-.266696,.266696,.0587988,.7083,3,0,0,0,74.87,.1428571,55
1.723057,.1451004,-1.439613,1.439613,2.003361,.7083,3,0,0,0,74.87,.1428571,66
1.805822,.1487884,-1.017488,1.017488,.9865977,.7083,3,0,0,0,74.87,.1428571,52
1.893939,.1651542,.7530019,.7530019,.6040605,.7083,3,0,0,0,75.07,.1428571,72
1.985352,.1694761,-.0047421,.0047421,.0003791,.7083,3,0,0,0,75.07,.1428571,99
1.873537,.1498991,-1.298982,1.298982,1.625041,.7083,3,0,0,0,75.07,0,77
1.356081,.1191401,.3170756,.3170756,.1164768,.7083,3,0,0,0,75.07,0,115
1.496919,.1255189,.4833032,.4833032,.2575711,.7083,3,0,0,0,75.07,0,114
1.637051,.1317658,-.904815,.904815,.7754627,.7083,3,0,0,0,75.21,0,87
1.499867,.128546,.2605289,.2605289,.081077,.7083,3,0,0,0,75.21,0,94
1.077771,.0881961,.0171302,.0171302,.0017091,.7083,3,0,0,0,75.21,0,65
1.34646,.1162017,-.2643257,.2643257,.0576549,.7083,3,0,0,0,75.21,.1428571,61
1.687782,.1422674,1.531306,1.531306,2.419634,.7083,3,0,0,0,75.21,.1428571,72
1.260852,.1074187,-.1103433,.1103433,.0074187,.7083,3,0,0,0,75.31,.1428571,110
1.456185,.1237625,-.0177569,.0177569,.0000417,.6528,3,0,0,0,75.31,.1428571,61
1.514891,.1311958,-.4141313,.4141313,.1520375,.6528,3,0,0,0,75.31,.1428571,37
1.171972,.1000449,.2349921,.2349921,.0671864,.6528,3,0,0,0,75.31,0,34
1.31102,.1062103,-.7587329,.7587329,.5395218,.6528,3,0,0,0,75.31,0,43
1.352009,.1124335,1.311313,1.311313,1.783626,.6528,3,0,0,0,75.48,0,31
1.277656,.1085688,.0938937,.0938937,.0139488,.6528,3,0,0,0,75.48,0,49
1.07212,.093123,.135814,.135814,.0256081,.6528,3,0,0,0,75.48,0,25
1.176121,.1009577,.0332353,.0332353,.0033001,.6528,3,0,0,0,75.48,0,35
1.075951,.0991005,-.339412,.339412,.0993514,.6528,3,0,0,0,75.48,0,30
1.038392,.0871768,-.9076067,.9076067,.7803873,.6528,3,0,0,0,75.48,0,29
1.266899,.1139606,-.6733529,.6733529,.4213847,.7083,3,0,0,0,77.88,0,54
1.175271,.1007722,.0840445,.0840445,.0117193,.7083,3,0,0,0,77.88,0,50
1.331595,.1257674,.8038399,.8038399,.6856689,.7083,3,0,0,0,77.88,0,124
1.361975,.1159289,.1807937,.1807937,.0420271,.7083,3,0,0,0,77.88,0,84
1.402249,.1204979,1.050511,1.050511,1.155028,.7083,3,0,0,0,78.9,0,119
1.340753,.1120249,-.2698568,.2698568,.0603417,.7083,3,0,0,0,78.9,0,74
1.58992,.1334738,.7243339,.7243339,.5603201,.7083,3,0,0,0,78.9,0,109
1.491432,.1241773,1.062246,1.062246,1.180389,.7083,3,0,0,0,78.9,0,100
1.478326,.1243884,1.412578,1.412578,2.064365,.7083,3,0,0,0,78.9,0,88
1.182258,.105117,-.7124804,.7124804,.4737143,.7083,3,0,0,0,81.53,0,87
1.481313,.1236142,.3985854,.3985854,.1787571,.7083,3,0,0,0,81.53,0,112
1.308413,.1080118,-.8375387,.8375387,.6615012,.7083,3,0,0,0,81.53,0,83
1.163573,.1073107,-.3132079,.3132079,.083519,.7083,3,0,0,0,81.53,0,82
1.155632,.1111157,.9461901,.9461901,.9416789,.7083,3,0,0,0,81.53,.1428571,85
1.224367,.1060967,-.828886,.828886,.6475012,.7083,3,0,0,0,83.2,.1428571,98
1.70282,.1402527,-1.193698,1.193698,1.367699,.7083,3,0,0,0,83.7,.2857143,116
1.150806,.0975726,1.279975,1.279975,1.700903,.7083,3,0,0,0,83.7,.2857143,99
1.431461,.1175277,.123336,.123336,.0217702,.7083,3,0,0,0,83.7,.2857143,95
1.244534,.1043421,.2693159,.2693159,.0861583,.7917,3,1,1,0,83.7,.1428571,121
1.502087,.1234435,-.4070396,.4070396,.1465574,.7917,3,1,1,0,83.7,.1428571,102
1.34767,.1115993,.2881515,.2881515,.0975706,.7917,3,1,1,0,84.39,0,233
1.368699,.1244521,.1412191,.1412191,.0273672,.7917,3,1,1,0,84.68,0,235
1.312298,.1152444,-.6903392,.6903392,.4437263,.7917,3,1,1,0,84.68,0,222
1.215073,.1009196,.6211306,.6211306,.4164663,.7917,3,1,1,0,84.68,0,233
1.264948,.1163096,.7829998,.7829998,.6515898,.7917,3,1,1,0,84.68,0,232
1.742806,.149036,.5785126,.5785126,.3632762,.7917,3,1,1,0,84.68,0,229
1.775322,.1409533,-.7467691,.7467691,.5220897,.7917,3,1,1,0,84.68,0,164
1.433954,.1191692,-.4421209,.4421209,.1746483,.7917,3,1,1,0,85.07,0,253
1.64988,.1235713,.0869227,.0869227,.0123508,.7917,3,1,1,0,85.27,0,250
1.125009,.095309,.4199885,.4199885,.1973135,.7917,3,1,1,0,85.27,0,249
1.42994,.1167848,-.6780349,.6780349,.4274852,.7917,3,1,1,0,85.27,0,248
1.271739,.1081488,.3444841,.3444841,.1359364,.7917,3,1,1,0,85.27,0,312
1.43999,.1066194,-1.292894,1.292894,1.609557,.7917,3,1,1,0,85.27,0,308
1.449546,.1159244,-1.368366,1.368366,1.806752,.7917,3,1,1,0,85.6,.1428571,280
1.269413,.109978,.5614781,.5614781,.3430322,.7917,3,1,1,0,85.6,.1428571,285
1.389841,.1146685,.9438449,.9438449,.9371329,.7917,3,1,1,0,85.6,.1428571,243
1.431918,.1136031,-.3974826,.3974826,.1393314,.7917,3,1,1,0,85.6,.1428571,171
1.663599,.1367188,.3760614,.3760614,.1602183,.7917,3,1,1,0,85.6,.1428571,135
1.37398,.1128667,-1.360902,1.360902,1.786743,.7917,3,1,1,0,85.87,0,124
1.304732,.113969,-.1850264,.1850264,.0258615,.6435,1,0,0,0,85.87,0,286
1.432616,.1149611,-2.99353,2.99353,8.816851,.6435,1,0,0,0,85.87,0,232
1.294984,.1085412,.7143885,.7143885,.5455298,.6435,1,0,0,0,85.87,0,175
1.414259,.1105552,-2.084514,2.084514,4.244847,.6435,1,0,0,0,85.87,0,261
1.639989,.1282288,-.6036704,.6036704,.3357728,.6435,1,0,0,0,86.08,0,295
2.013989,.1744949,1.58061,1.58061,2.575451,.6435,1,0,0,0,86.15,0,463
1.554119,.1307518,1.111348,1.111348,1.289495,.6435,1,0,0,0,86.15,0,767
1.402189,.1078786,.9908879,.9908879,1.030427,.6435,1,0,0,0,86.15,0,783
1.300982,.1121057,.3575914,.3575914,.1457733,.6435,1,0,0,0,86.15,.2857143,1244
1.508191,.1226964,-.6872681,.6872681,.4396442,.6435,1,0,0,0,86.15,.4285714,1170
1.586525,.129308,-1.440888,1.440888,2.006971,.6435,1,0,0,0,86.15,.8571429,1483
1.514336,.1239135,.351327,.351327,.1410291,.6435,1,0,0,0,86.15,1.142857,2205
.9129439,.0785169,.3815868,.3815868,.1646722,.6435,1,0,0,0,86.15,1.714286,1765
1.107296,.0920657,-.2227211,.2227211,.0394061,.6435,1,0,0,0,86.15,1.857143,4441
1.146357,.093798,.9303105,.9303105,.9111121,.6435,1,0,0,0,86.44,3.285714,6271
1.15834,.10123,.2633145,.2633145,.0826711,.6435,1,0,0,0,86.44,10,6281
1.220234,.1090956,-1.188596,1.188596,1.355792,.6435,1,0,0,0,86.44,11.42857,7720
1.469962,.117524,.5977272,.5977272,.3868076,.6435,1,0,0,0,86.44,16,6460
1.356398,.1147311,-2.072938,2.072938,4.197279,.6435,1,0,0,0,86.44,22.57143,8916
1.206549,.1033581,.5020919,.5020919,.2769951,.6435,1,0,0,0,86.58,26.71428,9103
1.088484,.0879492,-.0404015,.0404015,.0002621,.5954,1,0,0,0,86.58,53.14286,26321
1.157195,.0984806,.6506209,.6506209,.4553987,.5954,1,0,0,0,86.58,63.57143,34722
1.054195,.0942589,-.1132617,.1132617,.00793,.5954,1,0,0,0,86.58,93.57143,32865
1.579244,.1266187,.1095979,.1095979,.0179049,.5954,1,0,0,0,86.58,112,55617
1.120217,.0880115,-.9452535,.9452535,.8483186,.5954,1,0,0,0,86.58,134.5714,57192
1.768363,.1383367,-2.366559,2.366559,5.486592,.5954,1,0,0,0,86.58,192.5714,31378
1.566198,.1275255,-3.062789,3.062789,9.232957,.5954,1,0,0,0,86.58,220.4286,25504
1.771881,.1386946,-1.772226,1.772226,3.055556,.5954,1,0,0,0,86.58,226.8571,28865
1.55545,.1242312,1.176302,1.176302,1.441233,.5954,1,0,0,0,86.58,243,26596
1.586933,.130166,.8259656,.8259656,.7228009,.5954,1,0,0,0,86.58,254.8571,25027
1.593072,.1306166,-2.504756,2.504756,6.1531,.6435,1,0,0,0,86.91,283.7143,14835
1.958906,.1472405,-5.44488,5.44488,29.38364,.6435,1,0,0,0,86.91,284.5714,15717
1.72511,.1342456,3.582996,3.582996,13.01195,.6435,1,0,0,0,86.91,284.2857,13947
1.846569,.1419671,1.638485,1.638485,2.764559,.6435,1,0,0,0,86.93,282.5714,15861
1.534733,.128623,1.201546,1.201546,1.502481,.6435,1,0,0,0,86.94,283.7143,11180
1.364779,.1160911,-.1037943,.1037943,.0063334,.6435,1,0,0,0,86.99,272.1429,8024
1.457423,.122266,.5435109,.5435109,.3223085,.6435,1,0,0,0,86.99,263.1429,6958
1.360024,.1225204,.4233714,.4233714,.2003304,.6435,1,0,0,0,86.99,256.8571,7052
1.349226,.1155319,-.8057566,.8057566,.6108128,.6435,1,0,0,0,87.02,246.2857,6401
1.243203,.1005686,-1.140957,1.140957,1.247121,.6435,1,0,0,0,87.02,233.7143,7237
1.450963,.1220995,.0982053,.0982053,.0149858,.6806,1,0,0,0,87.02,193.7143,5033
1.324948,.1166613,-.6623937,.6623937,.4072767,.7361,3,0,0,0,87.02,185.8571,4647
1.641827,.1325963,2.183117,2.183117,4.8723,.7361,3,0,0,0,87.02,172.4286,4889
1.367692,.1074959,-.4645479,.4645479,.1938962,.7361,3,0,0,0,87.12,162.4286,4995
1.505556,.1230116,1.138726,1.138726,1.352423,.7361,3,0,0,0,87.12,150.7143,4925
1.786044,.145765,.4607317,.4607317,.2351698,.7361,3,0,0,0,87.19,111.1429,3354
1.263622,.1016437,-1.774327,1.774327,3.062905,.7361,3,0,0,0,87.19,107.7143,3171
1.599229,.1257064,.4470634,.4470634,.2220999,.7917,3,1,1,0,87.19,104.5714,3475
1.859749,.1471415,-2.849359,2.849359,7.981459,.7917,3,1,1,0,87.31,85.57143,2646
1.934823,.1562364,1.719544,1.719544,3.040684,.7917,3,1,1,0,87.31,80.85714,2600
1.574424,.1301264,-1.113571,1.113571,1.186705,.7917,3,1,1,0,87.31,76.85714,2868
1.381825,.1190806,1.29182,1.29182,1.731938,.7917,3,1,1,0,87.31,69.85714,4687
1.613935,.1327161,-.2341067,.2341067,.044056,.7917,3,1,1,0,87.31,63.71429,5046
1.901817,.1463778,-.6067175,.6067175,.3393133,.7917,3,1,1,0,87.44,53.14286,4490
1.353134,.1110473,-.2725122,.2725122,.0616533,.7917,3,1,1,0,87.44,48.85714,5108
1.689924,.1483283,-1.624578,1.624578,2.561174,.7917,3,1,1,0,87.44,44.14286,4803
1.571647,.1153729,-2.409905,2.409905,5.691535,.7917,3,1,1,0,87.44,37.85714,5651
1.584427,.123938,.3825956,.3825956,.1654919,.7917,3,1,1,0,87.44,35.42857,5508
2.254948,.1616472,-5.518528,5.518528,30.18752,.7917,3,1,1,0,87.44,35.28571,8070
2.81557,.2139273,-2.105883,2.105883,4.333356,.7917,3,1,1,0,87.44,41.42857,7383
2.385511,.1821604,2.445534,2.445534,6.09964,.7917,3,1,1,0,87.62,45.57143,8361
2.290743,.1761386,.1314917,.1314917,.0242434,.7917,3,1,1,0,87.64,51.14286,10639
2.383487,.1857924,3.408194,3.408194,11.78141,.7917,3,1,1,0,87.64,54.28571,17382
2.115993,.2033997,.1524485,.1524485,.0312087,.7917,3,1,1,0,87.74,41,28850
1.581403,.130992,-2.576095,2.576095,6.512109,.7917,3,1,1,0,87.74,35.71429,30628
1.537541,.1316157,.1144776,.1144776,.0192346,.7917,3,1,1,0,87.74,25.28572,44817
1.25604,.1043913,.8582146,.8582146,.7786757,.7917,3,1,1,0,87.74,24,40772
1.669081,.1364249,.6571456,.6571456,.4642474,.7917,3,1,1,0,87.74,23.42857,51206
1.095946,.0937501,-.135281,.135281,.0123365,.7917,3,1,1,0,87.85,22.71428,57553
1.359375,.1173751,.943145,.943145,.9357783,.7917,3,1,1,0,87.85,22.42857,65881
1.195973,.0947041,-.4036846,.4036846,.1439999,.7917,3,1,1,0,87.85,27.42857,68993
1.353337,.1184655,.3855461,.3855461,.1679012,.7917,3,1,1,0,87.85,29,62011
1.073746,.0917203,-.3040661,.3040661,.0783186,.7917,3,1,1,0,87.85,31.42857,65965
1.313883,.1132157,.279043,.279043,.0919632,.7917,3,1,1,0,87.85,35.71429,84737
1.311392,.1101776,1.55335,1.55335,2.488699,.7917,3,1,1,0,87.85,41.42857,90656
1.355565,.1147477,-.0413774,.0413774,.0002947,.7917,3,1,1,0,88.01,49.57143,79754
1.648671,.13403,-2.750517,2.750517,7.432745,.7917,3,1,1,0,88.01,51.14286,66477
1.28407,.1221042,1.198457,1.198457,1.494918,.7917,3,1,1,0,88.01,51.28571,82613
1.340128,.1167705,.9363997,.9363997,.9227737,.7917,3,1,1,0,88.07,56,89607
.93951,.0816817,-.1511385,.1511385,.0161105,.7917,3,1,1,0,88.07,62.71429,82120
1.433266,.1202497,.3275498,.3275498,.1237359,.7917,3,1,1,0,88.07,95.57143,76727
1.317722,.1082883,1.202258,1.202258,1.504228,.7917,3,1,1,0,88.07,105.5714,60201
1.212928,.102156,-.2182584,.2182584,.0376542,.7917,3,1,1,0,88.15,112.4286,80809
1.306547,.1064097,.2671047,.2671047,.0848651,.7917,3,1,1,0,88.15,118.7143,88425
1.570743,.153348,.9643095,.9643095,.9771736,.7917,3,1,1,0,88.17,127.5714,62264
1.233534,.1022414,.1963932,.1963932,.0486664,.7917,3,1,1,0,88.17,133.2857,53254
1.587274,.1807966,.5165761,.5165761,.2924511,.7917,3,1,1,0,88.17,138.5714,83172
1.610443,.1251329,-.905244,.905244,.7762185,.7917,3,1,1,0,88.17,143.7143,80429
1.307128,.108462,1.263556,1.263556,1.658345,.7917,3,1,1,0,88.17,153.2857,73344
1.745662,.1809913,-.9605429,.9605429,.8767166,.7917,3,1,1,0,88.17,176.5714,51100
1.762914,.147449,1.213364,1.213364,1.531593,.7917,3,1,1,0,88.17,170.5714,45459
1.807232,.1432873,1.324909,1.324909,1.820127,.7917,3,1,1,0,88.17,170.1429,66651
1.837189,.1471121,-.6938451,.6938451,.4484093,.7917,3,1,1,0,88.31,168,69470
1.300868,.1145916,.4385718,.4385718,.2141682,.7917,3,1,1,0,88.31,161.7143,63761
1.82054,.1513029,.4147794,.4147794,.1927129,.7917,3,1,1,0,88.31,150.7143,51168
1.297387,.1212791,-.0711793,.0711793,.002206,.7917,3,1,1,0,88.31,155.8571,36182
1.307774,.1295624,-1.748764,1.748764,2.974082,.7917,3,1,1,0,88.31,154.5714,56939
1.411121,.1165266,1.353202,1.353202,1.897268,.7917,3,1,1,0,88.37,158.5714,52951
1.460335,.1202742,.54684,.54684,.3260997,.7917,3,1,1,0,88.37,158.4286,49053
1.52535,.1326981,.7580252,.7580252,.6118941,.7917,3,1,1,0,88.4,148,40425
1.391516,.1119872,1.107879,1.107879,1.281628,.7917,3,1,1,0,88.4,140.2857,29337
1.937827,.1672823,-1.224283,1.224283,1.440171,.7917,3,1,1,0,88.4,138.7143,45012
1.462679,.114135,.8542373,.8542373,.7716721,.7917,3,1,1,0,88.4,126.2857,43135
1.341764,.1162455,-.413406,.413406,.1514724,.7361,3,0,0,0,88.4,119.5714,39947
1.765946,.184954,.5072106,.5072106,.2824093,.7361,3,0,0,0,88.4,101.5714,33327
1.381852,.1194272,-.3496105,.3496105,.1058846,.7361,3,0,0,0,88.4,98.42857,23676
1.429518,.1216945,-1.566095,1.566095,2.377406,.7361,3,0,0,0,88.4,98.28571,37114
1.343584,.1183938,.0543746,.0543746,.0061758,.7361,3,0,0,0,88.5,99.85714,35862
1.240136,.1134801,-.0822019,.0822019,.0033629,.7361,3,0,0,0,88.5,97.85714,32694
1.682391,.1610306,-1.290207,1.290207,1.602746,.7361,3,0,0,0,88.5,96.42857,29355
1.49792,.1210868,-.4512763,.4512763,.1823844,.7361,3,0,0,0,88.5,101.2857,20500
1.059328,.0901172,-.0587677,.0587677,.0011941,.7361,3,0,0,0,88.5,95.42857,32669
1.398288,.1232907,-.4854146,.4854146,.2127084,.7361,3,0,0,0,88.5,89.14286,31582
1.664723,.1382981,-2.25725,2.25725,4.98646,.7361,3,0,0,0,88.5,87.42857,29359
1.422111,.1124059,1.786194,1.786194,3.277569,.7361,3,0,0,0,88.5,82.85714,25967
1.068234,.0930338,.3170261,.3170261,.116443,.7361,3,0,0,0,88.5,75.42857,19637
1.081411,.0951082,.5859435,.5859435,.372289,.7361,3,0,0,0,88.67,72.42857,28719
1.265261,.1110261,-.9738519,.9738519,.901817,.7361,3,0,0,0,88.67,73.28571,29052
1.061379,.0843021,-.3258547,.3258547,.0909887,.7361,3,0,0,0,88.71,71,27138
1.221883,.1017209,-.6970562,.6970562,.4527201,.7361,3,0,0,0,88.71,64.71429,23618
1.075234,.0962011,1.004109,1.004109,1.057443,.7361,3,0,0,0,88.71,65.42857,18896
.9552661,.088006,-.2348233,.2348233,.0443574,.7361,3,0,0,0,88.71,65.71429,27038
1.265296,.1419667,.1190005,.1190005,.0205096,.7361,3,0,0,0,88.71,62.85714,27755
1.334635,.1079672,-1.204303,1.204303,1.392615,.7361,3,0,0,0,88.71,61.28571,26089
1.378619,.1193545,.0119801,.0119801,.0013098,.7361,3,0,0,0,88.71,52.14286,22895
1.354388,.1113014,-2.722121,2.722121,7.278715,.7361,3,0,0,0,88.71,50.14286,18367
1.286436,.1109624,-.7967576,.7967576,.5968277,.7361,3,0,0,0,88.71,50,25279
1.026512,.0885525,.7625321,.7625321,.6189653,.7361,3,0,0,0,88.71,49.71429,25929
1.316828,.1089785,1.447684,1.447684,2.166477,.7361,3,0,0,0,88.71,48.57143,25115
1.106395,.0986952,.140322,.140322,.0270712,.7361,3,0,0,0,88.71,48.42857,24043
.9686233,.0837059,-.0360075,.0360075,.0001391,.7361,3,0,0,0,88.95,47.14286,17411
1.015027,.0910307,-.7029551,.7029551,.460693,.7361,3,0,0,0,88.95,44.14286,25747
1.41374,.1149595,2.204383,2.204383,4.966632,.7361,3,0,0,0,88.95,43.14286,26401
1.207872,.1066281,.3683804,.3683804,.1541283,.7361,3,0,0,0,88.95,41.14286,25082
1.218273,.1101254,-.4450854,.4450854,.1771349,.7361,3,0,0,0,88.95,33,23581
.9651341,.0904685,-.0385651,.0385651,.000206,.7361,3,0,0,0,88.95,32,18103
1.068475,.0932848,.9045838,.9045838,.8626605,.7361,3,0,0,0,88.95,32.85714,25733
1.100019,.1345691,-1.036161,1.036161,1.024042,.7361,3,0,0,0,88.95,34,27870
1.344729,.1208626,-.1971166,.1971166,.0298962,.7361,3,0,0,0,88.95,33.14286,26424
1.182988,.1024085,.5995855,.5995855,.3891226,.7361,3,0,0,0,88.95,34.14286,25251
1.2578,.1111011,-.2735529,.2735529,.0621712,.7917,3,1,1,0,88.95,34.42857,19693
1.35421,.1179558,-1.800178,1.800178,3.154057,.7917,3,1,1,0,88.95,34.28571,29168
1.294445,.1067742,1.022444,1.022444,1.095487,.7917,3,1,1,0,88.95,33.57143,32027
1.115357,.0944414,-.2906927,.2906927,.0710123,.7917,3,1,1,0,88.95,34.57143,30805
1.086003,.0871417,-.0980958,.0980958,.0054589,.7917,3,1,1,0,88.95,38.42857,30209
1.218047,.1047338,.146493,.146493,.02914,.7917,3,1,1,0,88.95,38.14286,23517
1.721418,.1409496,-.3813308,.3813308,.1275342,.7917,3,1,1,0,88.95,40.14286,34704
1.32694,.1110278,-.4878635,.4878635,.2149733,.7546,3,0,0,0,88.95,39.85714,38197
1.132498,.0990303,-.0306324,.0306324,.0000412,.7546,3,0,0,0,88.95,40,37797
1.415554,.1162134,.186417,.186417,.0443643,.7546,3,0,0,0,88.95,39.85714,37783
1.214586,.1022589,1.173533,1.173533,1.434592,.7546,3,0,0,0,88.95,41.71429,27188
.9470636,.0899331,-.2216669,.2216669,.0389887,.7546,3,0,0,0,89.11,40.28571,39627
1.015079,.0801857,-.1830752,.1830752,.0252377,.7546,3,0,0,0,89.11,42,44567
1.167608,.0964367,1.293648,1.293648,1.736753,.7546,3,0,0,0,89.11,41.14286,38417
1.178242,.100914,.0120547,.0120547,.0013152,.6991,3,0,0,0,89.11,42.28571,27790
.7320971,.0592159,-.9839861,.9839861,.9211674,.6991,3,0,0,0,89.11,41.85714,49311
1.374188,.1103036,-.6904782,.6904782,.4439115,.6991,3,0,0,0,89.11,42.57143,52089
1.31664,.101399,-3.064997,3.064997,9.246377,.6991,3,0,0,0,89.11,45.71429,48102
1.407811,.1118608,-.5070552,.5070552,.2331381,.6991,3,0,0,0,89.11,50.85714,41563
1.192042,.1045417,.0571506,.0571506,.0066198,.6991,3,0,0,0,89.11,51.14286,30166
1.265363,.1066523,.1426723,.1426723,.0278502,.6991,3,0,0,0,89.11,51.85714,46312
1.169593,.0960417,-.850874,.850874,.6833711,.6991,3,0,0,0,89.11,52,48725
1.149757,.0915772,-.5522045,.5522045,.2787767,.6991,3,0,0,0,89.11,53.85714,44260
1.635519,.1279585,-1.768094,1.768094,3.041126,.6991,3,0,0,0,89.11,72.14286,40424
1.330138,.1064539,1.727841,1.727841,3.069687,.6991,3,0,0,0,89.11,76,30124
1.345193,.1008028,-1.762813,1.762813,3.022734,.6991,3,0,0,0,89.17,76.28571,47084
1.180037,.0904047,-.6135592,.6135592,.3473308,.6991,3,0,0,0,89.17,76.85714,50009
1.1135,.0911601,-.0810782,.0810782,.0032338,.6991,3,0,0,0,89.17,74.28571,46290
1.832897,.1511232,-1.460939,1.460939,2.064186,.6619999,2,0,0,0,89.17,58.42857,46450
1.393658,.1200971,.088068,.088068,.0126067,.6619999,2,0,0,0,89.17,62.14286,34107
1.314155,.1031837,1.64236,1.64236,2.77746,.6619999,2,0,0,0,89.19,63,43157
1.336959,.1156762,-.1940796,.1940796,.0288552,.6619999,2,0,0,0,89.19,61.28571,54449
1.497291,.1281387,1.879123,1.879123,3.622682,.6619999,2,0,0,0,89.19,57.57143,55362
1.207786,.1010867,.6252899,.6252899,.4218519,.6619999,2,0,0,0,89.19,62.28571,43568
.9438269,.0865763,-.1381689,.1381689,.0129863,.6619999,2,0,0,0,89.19,61,30778
1.033926,.0857669,-1.41528,1.41528,1.935072,.6619999,2,0,0,0,89.19,60.28571,46590
1.107479,.0938179,-.3068675,.3068675,.0798945,.6619999,2,0,0,0,89.19,61.42857,46430
1.117169,.0944598,.0072069,.0072069,.0009871,.6619999,2,0,0,0,89.19,70.57143,41248
1.60903,.1377881,-2.194119,2.194119,4.7085,.6619999,2,0,0,0,89.19,66.85714,37248
1.367869,.1128144,-.4672943,.4672943,.1963224,.6619999,2,0,0,0,89.19,68.42857,28281
1.787129,.1384091,1.15704,1.15704,1.395356,.6619999,2,0,0,0,89.19,70.14286,41072
1.575202,.1530321,.1249688,.1249688,.0222547,.6619999,2,0,0,0,89.19,70.85714,42374
1.548054,.1215287,-2.700904,2.700904,7.164683,.6619999,2,0,0,0,89.19,69.57143,37795
2.302377,.1797865,-.6815724,.6815724,.4321235,.6619999,2,0,0,0,89.19,72.57143,33756
2.017106,.1641217,2.58627,2.58627,6.814615,.6619999,2,0,0,0,89.19,72.85714,24720
1.428075,.1136853,1.09586,1.09586,1.25456,.625,2,0,0,0,89.19,73.71429,36175
1.073894,.0970055,-.7107434,.7107434,.4713262,.625,2,0,0,0,89.19,74,32158
1.314168,.1031122,2.322115,2.322115,5.505247,.625,2,0,0,0,89.22,73.85714,35371
1.187187,.1005718,.3488712,.3488712,.1391906,.625,2,0,0,0,89.22,73,26285
.8837525,.073601,-.3768499,.3768499,.1243539,.625,2,0,0,0,89.22,68.42857,19022
1.183169,.1160971,-.2199642,.2199642,.0383192,.625,2,0,0,0,89.22,62.85714,27606
1.200766,.1011297,-.2190934,.2190934,.037979,.625,2,0,0,0,89.22,65.42857,27796
1.838431,.150385,2.127033,2.127033,4.627854,.625,2,0,0,0,89.22,63.14286,25157
1.69738,.1402751,.3951888,.3951888,.1758965,.625,2,0,0,0,89.22,60,22192
1.399333,.109879,1.532377,1.532377,2.422968,.625,2,0,0,0,89.22,61.57143,20002
1.21759,.10116,-.5451346,.5451346,.271361,.625,2,0,0,0,89.22,66.85714,21861
1.176363,.1044724,.1512645,.1512645,.0307918,.625,2,0,0,0,89.22,66.57143,27172
1.139923,.0996331,-.4983791,.4983791,.224835,.6991,2,0,0,0,89.22,68.57143,24683
1.263941,.1000786,-.8552648,.8552648,.6906499,.7546,2,0,0,0,89.22,66.28571,20582
1.545118,.1226415,.0297146,.0297146,.002908,.7546,2,0,0,0,89.22,66.85714,16085
1.075305,.0893425,.0606784,.0606784,.0072063,.7917,3,1,1,0,89.22,66.14286,22959
1.003625,.085149,-.2598602,.2598602,.0555303,.7917,3,1,1,0,89.22,56.85714,24259
1.486977,.124795,.8676318,.8676318,.7953843,.7917,3,1,1,0,89.22,59.71429,21534
1.220891,.0987241,-.814355,.814355,.6243269,.7917,3,1,1,0,89.27,54.57143,19122
1.835048,.1483544,2.897895,2.897895,8.538708,.7917,3,1,1,0,89.27,50.57143,16306
1.156951,.1070653,-.0745972,.0745972,.0025387,.7917,3,1,1,0,89.27,45.14286,23662
1.41854,.1118285,.4629135,.4629135,.2372906,.7176,1,0,0,0,89.27,59.85714,24429
.9433054,.0737753,-.5079239,.5079239,.2339778,.7176,1,0,0,0,89.27,54,22407
1.651321,.1344928,2.268291,2.268291,5.255565,.7176,1,0,0,0,89.27,51.28571,19900
1.226011,.1018333,.0211875,.0211875,.0020611,.7176,1,0,0,0,89.27,53.57143,17829
1.190762,.0957053,-.363925,.363925,.1154054,.7176,1,0,0,0,89.27,57.14286,23433
1.058698,.0867236,-.0379473,.0379473,.0001887,.6898,1,0,0,0,89.27,47.57143,24659
1.357408,.1113332,.4263639,.4263639,.2030181,.6713,0,0,0,0,89.27,47,22583
1.71033,.1316802,-1.244478,1.244478,1.489052,.6713,0,0,0,0,89.27,102.7143,747894
1.050692,.0839125,.1224567,.1224567,.0215115,.588,0,0,0,0,89.35,124.4286,896102
1.181496,.1067637,-.1436153,.1436153,.0142573,.5324,0,0,0,0,89.35,146,1030187
1.05972,.0808721,-.5335593,.5335593,.2594353,.5324,0,0,0,0,89.35,169.1429,1219935
1.078325,.0885089,.349394,.349394,.139581,.5324,0,0,0,0,89.35,190.4286,1789770
1.074816,.0917887,-2.257843,2.257843,4.989108,.4769,0,0,0,0,89.35,226.7143,4068849
1.168303,.0936423,-1.167339,1.167339,1.306741,.4769,0,0,0,0,89.35,244,5102957
.9002445,.0706056,-.1457956,.1457956,.0147827,.4769,0,0,0,0,89.35,268.4286,5905312
1.260657,.1051975,-.205403,.205403,.0328304,.4769,0,0,0,0,89.35,303.2857,6434648
.929877,.081037,-.0436115,.0436115,.0003764,.4769,0,0,0,0,89.35,362.5714,6966046
1.303813,.1037095,.196726,.196726,.0488133,.4769,0,0,0,0,89.35,685,4768272
1.05801,.0893971,.8795685,.8795685,.816818,.4769,0,0,0,0,89.35,835.5714,4462481
1.154392,.0982912,-.4626585,.4626585,.1922358,.4769,0,0,0,0,89.35,983.2857,4356772
.9808784,.0784614,-.4701687,.4701687,.1988779,.4769,0,0,0,0,89.35,1120.714,3533372
.821743,.066196,.6064373,.6064373,.3977178,.4769,0,0,0,0,89.35,1294.571,2929223
