,date,R_m,CSAD,CSSD,StringencyIndex_WeightedAverage,C6E_Stay at home requirements,PopulationVaccinated,C2E_Workplace closing,C3E_Cancel public events,C4E_Restrictions on gatherings,C5E_Close public transport,C7E_Restrictions on internal movement,C8E_International travel controls,covid_deaths
0,2020-01-02,,,,0.0,0.0,0.0,0.0,0.0,0.0,0.0,0.0,0.0,0.0
1,2020-01-03,0.0820089014367581,1.0763792369288192,0.0898655806228077,0.0,0.0,0.0,0.0,0.0,0.0,0.0,0.0,0.0,0.0
2,2020-01-06,-0.0075694569197691,1.5106372816352862,0.1263281661214174,0.0,0.0,0.0,0.0,0.0,0.0,0.0,0.0,0.0,0.0
3,2020-01-07,0.7623890861103995,1.0393513156023897,0.0892508952691598,0.0,0.0,0.0,0.0,0.0,0.0,0.0,0.0,0.0,0.0
4,2020-01-08,-1.4699810038649497,1.3808293131318805,0.107774828430531,0.0,0.0,0.0,0.0,0.0,0.0,0.0,0.0,0.0,0.0
5,2020-01-09,1.2207274911815211,1.2365642284458418,0.1077129904716886,0.0,0.0,0.0,0.0,0.0,0.0,0.0,0.0,0.0,0.0
6,2020-01-10,-0.1095437210759094,1.017425169760475,0.0884335663334045,0.0,0.0,0.0,0.0,0.0,0.0,0.0,0.0,0.0,0.0
7,2020-01-13,1.0267502572553806,1.271501379516779,0.1156545139577549,0.0,0.0,0.0,0.0,0.0,0.0,0.0,0.0,0.0,0.1428571428571428
8,2020-01-14,-0.1881720582303761,1.1479002496751525,0.1008680065012058,0.0,0.0,0.0,0.0,0.0,0.0,0.0,0.0,0.0,0.1428571428571428
9,2020-01-15,-0.6123181513333359,1.026161625465151,0.0900154845019592,0.0,0.0,0.0,0.0,0.0,0.0,0.0,0.0,0.0,0.1428571428571428
10,2020-01-16,-0.3999889955517199,0.9674199292873992,0.0904017469544201,0.0,0.0,0.0,0.0,0.0,0.0,0.0,0.0,0.0,0.1428571428571428
11,2020-01-17,0.0778243526203711,1.0622174967613245,0.1033715155612952,0.0,0.0,0.0,0.0,0.0,0.0,0.0,0.0,0.0,0.2857142857142857
12,2020-01-20,0.8649674529567992,1.683383719617524,0.1474689230363914,0.0,0.0,0.0,0.0,0.0,0.0,0.0,0.0,0.0,0.4285714285714285
13,2020-01-21,-1.597344331083719,1.4317492697801322,0.1173290959478886,0.0,0.0,0.0,0.0,0.0,0.0,0.0,0.0,0.0,0.7142857142857143
14,2020-01-22,0.4661731560892698,1.410459095561058,0.1247749783712597,26.39,0.0,0.0,0.0,2.0,4.0,0.0,0.0,0.0,2.2857142857142856
15,2020-01-23,-3.202301988787028,1.514365416445265,0.1266564498747059,44.91,1.0,0.0,0.0,2.0,4.0,2.0,2.0,0.0,2.4285714285714284
16,2020-02-03,-8.977270758511592,2.069002336882231,0.1710406373732293,77.31,3.0,0.0,3.0,2.0,4.0,2.0,2.0,0.0,49.0
17,2020-02-04,1.5852292494654483,2.901234600656273,0.2111366239339248,77.31,3.0,0.0,3.0,2.0,4.0,2.0,2.0,0.0,51.42857142857143
18,2020-02-05,1.6437637528220528,1.631199132501683,0.1330073834433135,77.31,3.0,0.0,3.0,2.0,4.0,2.0,2.0,0.0,61.42857142857143
19,2020-02-06,2.09670526164129,1.6192286822585786,0.132796557675202,77.31,3.0,0.0,3.0,2.0,4.0,2.0,2.0,0.0,66.0
20,2020-02-07,0.2849633670248234,1.6341383263107363,0.136275456822824,77.31,3.0,0.0,3.0,2.0,4.0,2.0,2.0,0.0,72.14285714285714
21,2020-02-10,0.7818024409366189,1.67507382162746,0.1377576092760374,75.46,3.0,0.0,3.0,2.0,4.0,2.0,2.0,0.0,83.85714285714286
22,2020-02-11,0.3854367690285668,1.4551687329014742,0.1198202350377115,75.46,3.0,0.0,3.0,2.0,4.0,2.0,2.0,0.0,88.71428571428571
23,2020-02-12,1.1129955244216914,1.2367997353978455,0.1124528777117292,75.46,3.0,0.0,3.0,2.0,4.0,2.0,2.0,0.0,79.14285714285714
24,2020-02-13,-0.5771468892081284,1.4142898356689515,0.120619974410711,75.46,3.0,0.0,3.0,2.0,4.0,2.0,2.0,0.0,105.14285714285714
25,2020-02-14,0.7183106555798158,1.4036791548365422,0.1195353623113996,75.46,3.0,0.0,3.0,2.0,4.0,2.0,2.0,0.0,114.71428571428572
26,2020-02-17,2.744392035759593,1.6530486769886092,0.1286761729585462,75.46,3.0,0.0,3.0,2.0,4.0,2.0,2.0,0.0,121.85714285714286
27,2020-02-18,-0.0770902268728226,1.310852957463645,0.1075304085512691,75.46,3.0,0.0,3.0,2.0,4.0,2.0,2.0,0.0,127.42857142857144
28,2020-02-19,-0.4640045934619233,1.5563670461449328,0.1313622034538548,75.46,3.0,0.0,3.0,2.0,4.0,2.0,2.0,0.0,142.85714285714286
29,2020-02-20,2.2365653203753637,1.8919198260091783,0.1458717698729242,75.46,3.0,0.0,3.0,2.0,4.0,2.0,2.0,0.0,124.28571428571428
30,2020-02-21,0.4847507636018765,1.5534356602911772,0.1231448030285044,75.46,3.0,0.0,3.0,2.0,4.0,2.0,2.0,0.0,102.57142857142856
31,2020-02-24,-0.0677226267954945,2.029439438467632,0.1660829088032905,75.46,3.0,0.0,3.0,2.0,4.0,2.0,2.0,0.0,104.42857142857144
32,2020-02-25,-0.2346843449177927,2.0448101847036235,0.1614495907805596,81.02,3.0,0.0,3.0,2.0,4.0,2.0,2.0,2.0,94.57142857142856
33,2020-02-26,-1.2461480399387383,2.6945753248206,0.2079549329125049,81.02,3.0,0.0,3.0,2.0,4.0,2.0,2.0,2.0,85.85714285714286
34,2020-02-27,0.0150381509367657,1.4722187301645864,0.1284844712663475,81.02,3.0,0.0,3.0,2.0,4.0,2.0,2.0,2.0,72.57142857142857
35,2020-02-28,-4.055752425678548,2.092339443517755,0.157999371440312,81.02,3.0,0.0,3.0,2.0,4.0,2.0,2.0,2.0,78.85714285714286
36,2020-03-02,3.534147898983792,1.7638289829410825,0.1332415055908015,81.02,3.0,0.0,3.0,2.0,4.0,2.0,2.0,2.0,45.57142857142857
37,2020-03-03,0.5410311229264282,1.2508875159009332,0.1006519334339244,81.02,3.0,0.0,3.0,2.0,4.0,2.0,2.0,2.0,40.285714285714285
38,2020-03-04,0.7398952468581348,1.5954616360911489,0.1310826289055754,81.02,3.0,0.0,3.0,2.0,4.0,2.0,2.0,2.0,38.0
39,2020-03-05,1.816296181224884,1.3904737449110205,0.1125292830204296,81.02,3.0,0.0,3.0,2.0,4.0,2.0,2.0,2.0,38.42857142857143
40,2020-03-06,-1.4893604002197878,1.3410219835554449,0.1061720778549376,81.02,3.0,0.0,3.0,2.0,4.0,2.0,2.0,2.0,36.285714285714285
41,2020-03-09,-3.568883538811884,1.7672438052892026,0.1411251347620306,81.02,3.0,0.0,3.0,2.0,4.0,2.0,2.0,2.0,29.857142857142858
42,2020-03-10,2.113342414393036,1.6482702373560023,0.1305639625573007,81.02,3.0,0.0,3.0,2.0,4.0,2.0,2.0,2.0,27.428571428571427
43,2020-03-11,-1.1766676276174086,1.3539519966832054,0.1112091089203845,81.02,3.0,0.0,3.0,2.0,4.0,2.0,2.0,2.0,25.428571428571427
44,2020-03-12,-1.944812669699523,1.3620030627202755,0.1127804950916044,81.02,3.0,0.0,3.0,2.0,4.0,2.0,2.0,2.0,22.428571428571427
45,2020-03-13,-1.2348585752720762,1.2079403124204455,0.1090595035650327,81.02,3.0,0.0,3.0,2.0,4.0,2.0,2.0,2.0,19.428571428571427
46,2020-03-16,-4.2918661052285065,2.314760119745734,0.1669764710728244,79.17,3.0,0.0,3.0,2.0,4.0,2.0,2.0,2.0,13.428571428571429
47,2020-03-17,-0.4052151905241261,1.5946739176174352,0.1285740555007841,79.17,3.0,0.0,3.0,2.0,4.0,2.0,2.0,2.0,13.0
48,2020-03-18,-1.9820307844496412,1.3874205247795723,0.1103873401751163,79.17,3.0,0.0,3.0,2.0,4.0,2.0,2.0,2.0,11.428571428571429
49,2020-03-19,-0.7943318616692486,1.9970735381654148,0.1597277952930503,79.17,3.0,0.0,3.0,2.0,4.0,2.0,2.0,2.0,11.0
50,2020-03-20,1.4634578213539555,1.462076176776985,0.11733281015575,79.17,3.0,0.0,3.0,2.0,4.0,2.0,2.0,2.0,10.571428571428571
51,2020-03-23,-3.848516615497788,2.056496459252581,0.1559069391803243,79.17,3.0,0.0,3.0,2.0,4.0,2.0,2.0,2.0,8.285714285714286
52,2020-03-24,2.255639298619663,1.522540171375563,0.1235042038261225,79.17,3.0,0.0,3.0,2.0,4.0,2.0,2.0,2.0,7.428571428571429
53,2020-03-25,2.646237795754036,1.62983776740942,0.1193684170032483,79.17,3.0,0.0,3.0,2.0,4.0,2.0,2.0,2.0,6.428571428571429
54,2020-03-26,-0.964919712252459,1.4526559382865385,0.1177581747026174,81.94,3.0,0.0,3.0,2.0,4.0,2.0,2.0,3.0,6.142857142857143
55,2020-03-27,0.2751531031314894,1.3128004049892197,0.1076977097955908,81.94,3.0,0.0,3.0,2.0,4.0,2.0,2.0,3.0,6.142857142857143
56,2020-03-30,-1.2999576165961209,1.8573777769418915,0.1435793088515567,73.61,3.0,0.0,3.0,2.0,4.0,0.0,2.0,3.0,4.857142857142857
57,2020-03-31,0.1095298415552532,1.6009779400426667,0.1341711371132253,73.61,3.0,0.0,3.0,2.0,4.0,0.0,2.0,3.0,4.428571428571429
58,2020-04-01,-0.532241960990243,1.2868249163247052,0.1060725610458528,73.61,3.0,0.0,3.0,2.0,4.0,0.0,2.0,3.0,4.857142857142857
59,2020-04-02,1.6660360358185526,1.3902485073723556,0.1162722036955649,73.61,3.0,0.0,3.0,2.0,4.0,0.0,2.0,3.0,4.857142857142857
60,2020-04-03,-0.6548150158796158,1.201016141746608,0.093721317667726,69.91,3.0,0.0,2.0,2.0,4.0,0.0,2.0,3.0,4.714285714285714
61,2020-04-07,2.449952023126691,1.2416479033786954,0.098815604623354,69.91,3.0,0.0,2.0,2.0,4.0,0.0,2.0,3.0,3.7142857142857135
62,2020-04-08,-0.173074372149998,1.0183670623442675,0.0856074004356373,56.94,1.0,0.0,2.0,2.0,4.0,0.0,1.0,3.0,3.0
63,2020-04-09,0.4672377177969435,1.117408167810025,0.0973982295362465,56.94,1.0,0.0,2.0,2.0,4.0,0.0,1.0,3.0,2.4285714285714284
64,2020-04-10,-1.3648030962394826,1.3215071363332092,0.101172532604282,56.94,1.0,0.0,2.0,2.0,4.0,0.0,1.0,3.0,2.0
65,2020-04-13,-0.6083547832586546,1.3542587686047458,0.1086120534045277,56.94,1.0,0.0,2.0,2.0,4.0,0.0,1.0,3.0,1.5714285714285714
66,2020-04-14,1.9886762586823696,1.3889559500929312,0.1108724055487718,56.94,1.0,0.0,2.0,2.0,4.0,0.0,1.0,3.0,1.5714285714285714
67,2020-04-15,-0.6447590842291588,1.189498032269918,0.1033468642083673,56.94,1.0,0.0,2.0,2.0,4.0,0.0,1.0,3.0,1.4285714285714286
68,2020-04-16,0.2512916200305414,1.0104002408533084,0.0859410647976759,56.94,1.0,0.0,2.0,2.0,4.0,0.0,1.0,3.0,1.1428571428571428
69,2020-04-17,0.5120268160969167,1.2554531979856234,0.1031633645494887,56.94,1.0,0.0,2.0,2.0,4.0,0.0,1.0,3.0,1.0
70,2020-04-20,0.3568081352329662,1.0271838068199532,0.0878523067173059,56.94,1.0,0.0,2.0,2.0,4.0,0.0,1.0,3.0,184.42857142857144
71,2020-04-21,-1.0947660546402331,1.0781903735958052,0.0874387147078074,56.94,1.0,0.0,2.0,2.0,4.0,0.0,1.0,3.0,184.42857142857144
72,2020-04-22,0.601156918502076,1.0313854325082352,0.0880235082389238,56.94,1.0,0.0,2.0,2.0,4.0,0.0,1.0,3.0,184.28571428571428
73,2020-04-23,-0.251361865570624,1.2350272618061864,0.1070655187218734,56.94,1.0,0.0,2.0,2.0,4.0,0.0,1.0,3.0,184.28571428571428
74,2020-04-24,-1.171581837913483,1.299495471685144,0.1116959026886388,56.94,1.0,0.0,2.0,2.0,4.0,0.0,1.0,3.0,184.28571428571428
75,2020-04-27,0.0463389879495698,1.5399411216951069,0.1476626549399252,56.94,1.0,0.0,2.0,2.0,4.0,0.0,1.0,3.0,0.1428571428571428
76,2020-04-28,-0.071741037953407,1.8837219053552683,0.1464708419253308,56.94,1.0,0.0,2.0,2.0,4.0,0.0,1.0,3.0,0.1428571428571428
77,2020-04-29,0.4130170711131393,1.558989153367792,0.1271895243364872,56.94,1.0,0.0,2.0,2.0,4.0,0.0,1.0,3.0,0.1428571428571428
78,2020-04-30,1.892926301701701,1.7773043519389664,0.1354615933012737,56.94,1.0,0.0,2.0,2.0,4.0,0.0,1.0,3.0,0.1428571428571428
79,2020-05-06,0.8856309890361224,1.5950228021305688,0.1260697780227589,56.94,1.0,0.0,2.0,2.0,4.0,0.0,1.0,3.0,0.0
80,2020-05-07,-0.5405018617362196,1.1124591827384347,0.1391798881871258,56.94,1.0,0.0,2.0,2.0,4.0,0.0,1.0,3.0,0.0
81,2020-05-08,1.0053697501816854,1.0851336947701655,0.1206930417428866,56.94,1.0,0.0,2.0,2.0,4.0,0.0,1.0,3.0,0.0
82,2020-05-11,-0.0344521403915599,1.2483361450186166,0.1058879336109677,81.94,3.0,0.0,3.0,2.0,4.0,2.0,2.0,3.0,0.0
83,2020-05-12,-0.2720130447188325,1.0745009462421828,0.08314438195182,81.94,3.0,0.0,3.0,2.0,4.0,2.0,2.0,3.0,0.1428571428571428
84,2020-05-13,0.1697009042552604,1.0705076542624987,0.1479850236321314,81.94,3.0,0.0,3.0,2.0,4.0,2.0,2.0,3.0,0.1428571428571428
85,2020-05-14,-1.0785639106667615,0.9439171742381204,0.0740090351389281,81.94,3.0,0.0,3.0,2.0,4.0,2.0,2.0,3.0,0.1428571428571428
86,2020-05-15,-0.1724207880829285,0.8801187165568884,0.0742609906112929,81.94,3.0,0.0,3.0,2.0,4.0,2.0,2.0,3.0,0.1428571428571428
87,2020-05-18,-0.0114446342960584,1.658907125265255,0.1458662249892983,81.94,3.0,0.0,3.0,2.0,4.0,2.0,2.0,3.0,0.2857142857142857
88,2020-05-19,0.711225020113412,1.1566368106868297,0.1243836717130459,81.94,3.0,0.0,3.0,2.0,4.0,2.0,2.0,3.0,0.1428571428571428
89,2020-05-20,-0.7304750659774449,1.244279417155039,0.1082753176438451,81.94,3.0,0.0,3.0,2.0,4.0,2.0,2.0,3.0,0.1428571428571428
90,2020-05-21,-0.823348939003836,1.208476682246624,0.1137034736592644,81.94,3.0,0.0,3.0,2.0,4.0,2.0,2.0,3.0,0.1428571428571428
91,2020-05-22,-2.0707414271728437,1.1194125474077916,0.1205657682206248,81.94,3.0,0.0,3.0,2.0,4.0,2.0,2.0,3.0,0.1428571428571428
92,2020-05-25,-0.2871558440153711,1.455520624901778,0.1266933273705628,81.94,3.0,0.0,3.0,2.0,4.0,2.0,2.0,3.0,0.0
93,2020-05-26,1.2499313910579026,1.120496566288233,0.1045590375238437,81.94,3.0,0.0,3.0,2.0,4.0,2.0,2.0,3.0,0.0
94,2020-05-27,-0.5608486057196062,1.3670550601093585,0.1089008148020611,81.94,3.0,0.0,3.0,2.0,4.0,2.0,2.0,3.0,0.0
95,2020-05-28,-0.0535228876791502,1.322454142586129,0.1603682092803274,81.94,3.0,0.0,3.0,2.0,4.0,2.0,2.0,3.0,0.0
96,2020-05-29,0.2156252478477731,1.6045771925322223,0.2255887968375499,81.94,3.0,0.0,3.0,2.0,4.0,2.0,2.0,3.0,0.0
97,2020-06-01,2.5709427107447285,1.516655140580122,0.1210664856122348,81.94,3.0,0.0,3.0,2.0,4.0,2.0,2.0,3.0,0.0
98,2020-06-02,0.2122383254442569,1.2824994523553594,0.1057587768911382,81.94,3.0,0.0,3.0,2.0,4.0,2.0,2.0,3.0,0.0
99,2020-06-03,-0.308395827048561,1.1887824309868475,0.1277488612412908,78.24,3.0,0.0,3.0,2.0,4.0,2.0,2.0,3.0,0.0
100,2020-06-04,-0.6652495895054633,1.357720348662706,0.2430744975984562,78.24,3.0,0.0,3.0,2.0,4.0,2.0,2.0,3.0,0.0
101,2020-06-05,0.3453607099116079,1.3141624094014766,0.1390685554224907,78.24,3.0,0.0,3.0,2.0,4.0,2.0,2.0,3.0,0.0
102,2020-06-08,0.3546869087340211,1.2841955562413916,0.1054115618175991,78.24,3.0,0.0,3.0,2.0,4.0,2.0,2.0,3.0,0.0
103,2020-06-09,0.478338554448481,1.2792213399747392,0.2505199559660817,78.24,3.0,0.0,3.0,2.0,4.0,2.0,2.0,3.0,0.0
104,2020-06-10,-0.2625533160582809,1.2323197834446895,0.1000322477437855,78.24,3.0,0.0,3.0,2.0,4.0,2.0,2.0,3.0,0.0
105,2020-06-11,-0.8016078467236055,1.1594940005840555,0.1254705832438017,78.24,3.0,0.0,3.0,2.0,4.0,2.0,2.0,3.0,0.0
106,2020-06-12,-0.0978402056034463,1.223083393541937,0.1302482261726551,78.24,3.0,0.0,3.0,2.0,4.0,2.0,2.0,3.0,0.0
107,2020-06-15,-0.9041261152185068,1.488827472581873,0.1245867464597346,78.24,3.0,0.0,3.0,2.0,4.0,2.0,2.0,3.0,0.0
108,2020-06-16,1.4426744908650444,1.0787838643932477,0.0901535643089418,78.24,3.0,0.0,3.0,2.0,4.0,2.0,2.0,3.0,0.0
109,2020-06-17,0.0876046358489078,1.1827352703621752,0.1252708119986325,78.24,3.0,0.0,3.0,2.0,4.0,2.0,2.0,3.0,0.0
110,2020-06-18,0.5733162405988814,1.2845300406515865,0.1054956627429262,78.24,3.0,0.0,3.0,2.0,4.0,2.0,2.0,3.0,0.0
111,2020-06-19,0.9875934751922284,1.4052561387948377,0.1176180518545816,78.24,3.0,0.0,3.0,2.0,4.0,2.0,2.0,3.0,0.0
112,2020-06-22,0.0181703220990823,1.4313281920048782,0.1164480069300586,78.24,3.0,0.0,3.0,2.0,4.0,2.0,2.0,3.0,0.1428571428571428
113,2020-06-23,0.236262454163994,1.4555518450120282,0.1172156803070295,78.24,3.0,0.0,3.0,2.0,4.0,2.0,2.0,3.0,0.1428571428571428
114,2020-06-24,0.2586368919683507,1.2819127941615114,0.1030912571588437,78.24,3.0,0.0,3.0,2.0,4.0,2.0,2.0,3.0,0.2857142857142857
115,2020-06-29,-1.0202360793791532,1.4560089385143655,0.1206622598652451,78.24,3.0,0.0,3.0,2.0,4.0,2.0,2.0,3.0,0.2857142857142857
116,2020-06-30,1.370424660344645,1.4827058785786662,0.1291853944650412,78.24,3.0,0.0,3.0,2.0,4.0,2.0,2.0,3.0,0.2857142857142857
117,2020-07-01,1.6493178583439096,1.8319790292024187,0.1481370581729938,78.24,3.0,0.0,3.0,2.0,4.0,2.0,2.0,3.0,0.1428571428571428
118,2020-07-02,2.5229763364030178,2.2275568352214044,0.1710759471844732,78.24,3.0,0.0,3.0,2.0,4.0,2.0,2.0,3.0,0.1428571428571428
119,2020-07-03,2.0717118222263737,2.2302053961908497,0.1726455527586563,78.24,3.0,0.0,3.0,2.0,4.0,2.0,2.0,3.0,0.0
120,2020-07-06,5.395286015512373,2.6228723959480447,0.1803241824243417,78.24,3.0,0.0,3.0,2.0,4.0,2.0,2.0,3.0,0.0
121,2020-07-07,0.2091527161347857,2.4574722873723687,0.188429249354998,78.24,3.0,0.0,3.0,2.0,4.0,2.0,2.0,3.0,0.0
122,2020-07-08,2.1278113039226483,2.181937094813476,0.1652052094814884,78.24,3.0,0.0,3.0,2.0,4.0,2.0,2.0,3.0,0.0
123,2020-07-09,1.842048703600233,2.1584018817126616,0.1659079874832997,78.24,3.0,0.0,3.0,2.0,4.0,2.0,2.0,3.0,0.0
124,2020-07-10,-1.7874286141585671,2.409617181342281,0.2058450797259648,78.24,3.0,0.0,3.0,2.0,4.0,2.0,2.0,3.0,0.0
125,2020-07-13,2.218349487524452,2.06986999248639,0.1708331972316843,78.24,3.0,0.0,3.0,2.0,4.0,2.0,2.0,3.0,0.0
126,2020-07-14,-0.8756612376847799,1.7940262568986187,0.1427274754725501,78.24,3.0,0.0,3.0,2.0,4.0,2.0,2.0,3.0,0.1428571428571428
127,2020-07-15,-1.9299836696768629,2.379836180018138,0.1866257174406867,78.24,3.0,0.0,3.0,2.0,4.0,2.0,2.0,3.0,0.1428571428571428
128,2020-07-16,-4.513813940844058,2.265423412383672,0.167802284883705,78.24,3.0,0.0,3.0,2.0,4.0,2.0,2.0,3.0,0.4285714285714285
129,2020-07-17,0.0834564598860836,2.1088637392527465,0.1668690472219531,78.24,3.0,0.0,3.0,2.0,4.0,2.0,2.0,3.0,0.4285714285714285
130,2020-07-20,3.540058723199896,2.313551270881264,0.1873102879645249,78.24,3.0,0.0,3.0,2.0,4.0,2.0,2.0,3.0,0.7142857142857143
131,2020-07-21,-0.2766988273828996,1.9458914945710897,0.2270490534039299,78.24,3.0,0.0,3.0,2.0,4.0,2.0,2.0,3.0,0.5714285714285714
132,2020-07-22,0.475213777844468,1.2986840509596724,0.1050296914516703,78.24,3.0,0.0,3.0,2.0,4.0,2.0,2.0,3.0,0.8571428571428571
133,2020-07-23,-0.3203572650076317,1.8757333614482112,0.1553405574104972,78.24,3.0,0.0,3.0,2.0,4.0,2.0,2.0,3.0,0.5714285714285714
134,2020-07-24,-4.323609334156401,1.9722076545592908,0.1561569671738238,78.24,3.0,0.0,3.0,2.0,4.0,2.0,2.0,3.0,0.7142857142857143
135,2020-07-27,0.4108343269678874,1.7296177082440334,0.1421439984485046,78.24,3.0,0.0,3.0,2.0,4.0,2.0,2.0,3.0,0.8571428571428571
136,2020-07-28,0.6526349215093433,1.2550388850338092,0.107868363797825,78.24,3.0,0.0,3.0,2.0,4.0,2.0,2.0,3.0,1.4285714285714286
137,2020-07-29,2.3555044691868017,1.479708438373634,0.1185237701966686,78.24,3.0,0.0,3.0,2.0,4.0,2.0,2.0,3.0,1.2857142857142858
138,2020-07-30,-0.445916029456251,1.458785163232624,0.1240392778252422,78.24,3.0,0.0,3.0,2.0,4.0,2.0,2.0,3.0,1.4285714285714286
139,2020-07-31,0.7374716280201925,1.2486212111605075,0.1141156224276873,78.24,3.0,0.0,3.0,2.0,4.0,2.0,2.0,3.0,1.4285714285714286
140,2020-08-03,2.1194155314907093,1.749001732960312,0.1438397390220164,78.24,3.0,0.0,3.0,2.0,4.0,2.0,2.0,3.0,2.571428571428572
141,2020-08-04,-0.0243905088090589,1.7668296637189118,0.1399209573419039,78.24,3.0,0.0,3.0,2.0,4.0,2.0,2.0,3.0,2.142857142857143
142,2020-08-05,0.2232191029082689,1.7188419443631218,0.1398887392836289,78.24,3.0,0.0,3.0,2.0,4.0,2.0,2.0,3.0,2.7142857142857144
143,2020-08-06,0.231560230179273,1.9131767372821105,0.1595273556823037,78.24,3.0,0.0,3.0,2.0,4.0,2.0,2.0,3.0,2.7142857142857144
144,2020-08-07,-1.257382227832026,1.8801195504677155,0.1548957732986664,78.24,3.0,0.0,3.0,2.0,4.0,2.0,2.0,3.0,3.0
145,2020-08-10,0.6288696064392367,1.786093364359354,0.1486776434383566,78.24,3.0,0.0,3.0,2.0,4.0,2.0,2.0,3.0,2.2857142857142856
146,2020-08-11,-1.3363083143127747,1.5567864015563453,0.1180595402551429,78.24,3.0,0.0,3.0,2.0,4.0,2.0,2.0,3.0,2.571428571428572
147,2020-08-12,-0.7109350234300112,1.9350609253960709,0.1526321229862781,78.24,3.0,0.0,3.0,2.0,4.0,2.0,2.0,3.0,2.2857142857142856
148,2020-08-13,0.006345151470552,1.10233610808495,0.0904453994069671,78.24,3.0,0.0,3.0,2.0,4.0,2.0,2.0,3.0,2.857142857142857
149,2020-08-14,1.2355085965137251,1.1632496982975953,0.1023944488767993,78.24,3.0,0.0,3.0,2.0,4.0,2.0,2.0,3.0,2.857142857142857
150,2020-08-17,2.45593450943438,1.6901313913068563,0.1286057785739228,78.24,3.0,0.0,3.0,2.0,4.0,2.0,2.0,3.0,2.4285714285714284
151,2020-08-18,-0.0269313381020476,1.2483677808197755,0.1027320243594149,78.24,3.0,0.0,3.0,2.0,4.0,2.0,2.0,3.0,2.0
152,2020-08-19,-1.2270776686843,1.873273741341932,0.1838888339971861,78.24,3.0,0.0,3.0,2.0,4.0,2.0,2.0,3.0,1.8571428571428568
153,2020-08-20,-1.4444867174295732,1.4381975033915322,0.1178009216013314,78.24,3.0,0.0,3.0,2.0,4.0,2.0,2.0,3.0,1.2857142857142858
154,2020-08-21,0.7771276358293703,1.2617097340221786,0.1055662893754646,78.24,3.0,0.0,3.0,2.0,4.0,2.0,2.0,3.0,1.2857142857142858
155,2020-08-24,0.4360319254347519,1.516525321358982,0.1287508966206873,78.24,3.0,0.0,3.0,2.0,4.0,2.0,2.0,3.0,1.1428571428571428
156,2020-08-25,-0.5924616082842938,1.4163579070878465,0.1643065388068986,78.24,3.0,0.0,3.0,2.0,4.0,2.0,2.0,3.0,1.1428571428571428
157,2020-08-26,-1.4462194596458993,1.5366334269515645,0.1284294103092278,78.24,3.0,0.0,3.0,2.0,4.0,2.0,2.0,3.0,1.0
158,2020-08-27,0.593455695698908,1.2413531660916766,0.1025400632765036,78.24,3.0,0.0,3.0,2.0,4.0,2.0,2.0,3.0,1.0
159,2020-08-28,1.846327751161959,1.457823965166912,0.121590104007736,78.24,3.0,0.0,3.0,2.0,4.0,2.0,2.0,3.0,0.8571428571428571
160,2020-08-31,-0.5272959277654877,1.418747324677173,0.1181431678811914,78.24,3.0,0.0,3.0,2.0,4.0,2.0,2.0,3.0,1.5714285714285714
161,2020-09-01,0.5922714328826559,1.4605864137492,0.1162078329762218,78.24,3.0,0.0,3.0,2.0,4.0,2.0,2.0,3.0,1.7142857142857142
162,2020-09-02,-0.0565070039008452,1.3855443324367531,0.1172436894079313,55.09,0.0,0.0,1.0,2.0,4.0,0.0,2.0,3.0,1.7142857142857142
163,2020-09-03,-0.5615291674248198,1.369387514361483,0.1163242079664811,55.09,0.0,0.0,1.0,2.0,4.0,0.0,2.0,3.0,2.0
164,2020-09-04,-0.659936405520942,1.1661238248176575,0.0969787914946844,46.76,0.0,0.0,1.0,2.0,4.0,0.0,0.0,3.0,1.8571428571428568
165,2020-09-07,-1.893670670278108,1.720165083890418,0.1295981926803982,46.76,0.0,0.0,1.0,2.0,4.0,0.0,0.0,3.0,1.1428571428571428
166,2020-09-08,0.7204852685368528,1.5214722013057114,0.1265770807251292,46.76,0.0,0.0,1.0,2.0,4.0,0.0,0.0,3.0,1.2857142857142858
167,2020-09-09,-2.143883498532884,1.85599625060538,0.1487957257388933,46.76,0.0,0.0,1.0,2.0,4.0,0.0,0.0,3.0,1.2857142857142858
168,2020-09-10,-1.0056025210999606,1.7794957212476414,0.1398277459210503,46.76,0.0,0.0,1.0,2.0,4.0,0.0,0.0,3.0,0.8571428571428571
169,2020-09-11,0.6840810807140353,1.36689728660401,0.1167257944091345,46.76,0.0,0.0,1.0,2.0,4.0,0.0,0.0,3.0,0.7142857142857143
170,2020-09-14,0.3311720378060422,1.1853819095675195,0.1026505055404037,46.76,0.0,0.0,1.0,2.0,4.0,0.0,0.0,3.0,0.5714285714285714
171,2020-09-15,0.6801685675470373,1.1603115176316496,0.0969131333235964,81.94,3.0,0.0,3.0,2.0,4.0,2.0,2.0,3.0,0.4285714285714285
172,2020-09-16,-0.1715246249298462,1.2355422870849924,0.1021139463559354,81.94,3.0,0.0,3.0,2.0,4.0,2.0,2.0,3.0,0.4285714285714285
173,2020-09-17,-0.2627915640049256,1.277617607962964,0.1133087309804915,81.94,3.0,0.0,3.0,2.0,4.0,2.0,2.0,3.0,0.4285714285714285
174,2020-09-18,2.133665978659359,1.5695824291759572,0.1264328224990074,81.94,3.0,0.0,3.0,2.0,4.0,2.0,2.0,3.0,0.4285714285714285
175,2020-09-21,-0.5967663402282284,1.0674903637055473,0.0913439849508949,75.46,3.0,0.0,2.0,2.0,3.0,2.0,2.0,3.0,0.4285714285714285
176,2020-09-22,-1.4882957376176258,1.1074520949453954,0.0945113254998284,71.76,3.0,0.0,2.0,2.0,3.0,2.0,2.0,3.0,0.2857142857142857
177,2020-09-23,0.1130067961650355,1.166264744761069,0.1045659277840806,63.43,3.0,0.0,2.0,2.0,3.0,0.0,2.0,3.0,0.1428571428571428
178,2020-09-24,-2.0436540922128024,1.032318093677136,0.0843609957417259,63.43,3.0,0.0,2.0,2.0,3.0,0.0,2.0,3.0,0.2857142857142857
179,2020-09-25,-0.12682248162917,1.1444464191738586,0.0997948707263582,63.43,3.0,0.0,2.0,2.0,3.0,0.0,2.0,3.0,0.2857142857142857
180,2020-09-28,-0.2084135623327098,1.168856903311999,0.0962155347450686,54.17,0.0,0.0,2.0,2.0,3.0,0.0,2.0,3.0,0.2857142857142857
181,2020-09-29,0.3839022498733824,1.0573571217243771,0.083803404883211,54.17,0.0,0.0,2.0,2.0,3.0,0.0,2.0,3.0,0.2857142857142857
182,2020-09-30,-0.3358828496872712,1.0674046005261133,0.0865453887779542,54.17,0.0,0.0,2.0,2.0,3.0,0.0,2.0,3.0,0.2857142857142857
183,2020-10-09,1.9950733951332231,1.571962774050206,0.1319177345800231,54.17,0.0,0.0,2.0,2.0,3.0,0.0,2.0,3.0,0.0
184,2020-10-12,2.539091676741104,1.443667655556441,0.1295733746681736,61.57,3.0,0.0,2.0,2.0,3.0,0.0,2.0,3.0,0.0
185,2020-10-13,0.1381793910516585,1.3693496198984654,0.1169168988467246,61.57,3.0,0.0,2.0,2.0,3.0,0.0,2.0,3.0,0.0
186,2020-10-14,-0.7876687180369063,1.272442873914292,0.1064421847805294,61.57,3.0,0.0,2.0,2.0,3.0,0.0,2.0,3.0,0.0
187,2020-10-15,-0.2786905551278939,1.106888586627462,0.0983140402241893,61.57,3.0,0.0,2.0,2.0,3.0,0.0,2.0,3.0,0.0
188,2020-10-16,-0.1178962086705496,1.17003112899734,0.0971941843648445,61.57,3.0,0.0,2.0,2.0,3.0,0.0,2.0,3.0,0.0
189,2020-10-19,-0.7482717910966528,1.1953953892461866,0.0990566334701462,61.57,3.0,0.0,2.0,2.0,3.0,0.0,2.0,3.0,0.0
190,2020-10-20,0.6051135077425175,1.214880726013477,0.1013591421895424,61.57,3.0,0.0,2.0,2.0,3.0,0.0,2.0,3.0,0.0
191,2020-10-21,-0.2650093103037417,1.299697124429261,0.1077398267889308,61.57,3.0,0.0,2.0,2.0,3.0,0.0,2.0,3.0,0.0
192,2020-10-22,-0.5559885866327379,1.328317616324577,0.1763225772281633,61.57,3.0,0.0,2.0,2.0,3.0,0.0,2.0,3.0,0.0
193,2020-10-23,-1.066863799187522,1.4136080637037831,0.1122933133890374,61.57,3.0,0.0,2.0,2.0,3.0,0.0,2.0,3.0,0.0
194,2020-10-26,-0.6053207133198136,1.617070432818431,0.1343797765290344,81.94,3.0,0.0,3.0,2.0,4.0,2.0,2.0,3.0,0.0
195,2020-10-27,0.1331359963435862,1.305428120371482,0.1082188662767094,81.94,3.0,0.0,3.0,2.0,4.0,2.0,2.0,3.0,0.0
196,2020-10-28,0.4714753774618691,1.5912444780774089,0.13511942292691,81.94,3.0,0.0,3.0,2.0,4.0,2.0,2.0,3.0,0.0
197,2020-10-29,0.3255897198434473,1.6073098300409487,0.136712495496683,81.94,3.0,0.0,3.0,2.0,4.0,2.0,2.0,3.0,0.0
198,2020-10-30,-1.735177322370662,1.7841456822644797,0.144153599834341,68.98,2.0,0.0,2.0,2.0,4.0,1.0,2.0,3.0,0.0
199,2020-11-02,0.0848641974852541,2.224909933381643,0.1778572072378862,63.43,2.0,0.0,2.0,2.0,4.0,1.0,2.0,3.0,0.0
200,2020-11-03,1.5390358720450683,1.3156412848883683,0.1061952325640808,63.43,2.0,0.0,2.0,2.0,4.0,1.0,2.0,3.0,0.0
201,2020-11-04,0.2514242215150282,1.4380896770409042,0.1261273331001873,63.43,2.0,0.0,2.0,2.0,4.0,1.0,2.0,3.0,0.0
202,2020-11-05,1.5310893948329811,1.4876901487662246,0.1289542042175824,63.43,2.0,0.0,2.0,2.0,4.0,1.0,2.0,3.0,0.1428571428571428
203,2020-11-06,-0.0404327820398046,1.4942420493227369,0.1236082572842612,63.43,2.0,0.0,2.0,2.0,4.0,1.0,2.0,3.0,0.2857142857142857
204,2020-11-09,2.00284212916954,1.5767552677775911,0.1246959607854114,63.43,2.0,0.0,2.0,2.0,4.0,1.0,2.0,3.0,0.2857142857142857
205,2020-11-10,-0.6758253424186826,1.6802855824687373,0.1400010115706956,63.43,2.0,0.0,2.0,2.0,4.0,1.0,2.0,3.0,0.2857142857142857
206,2020-11-11,-0.9112652961470988,1.8520377187251715,0.1438402138908186,63.43,2.0,0.0,2.0,2.0,4.0,1.0,2.0,3.0,0.4285714285714285
207,2020-11-12,0.0486940417621652,1.2572068617410008,0.1011310610509525,63.43,2.0,0.0,2.0,2.0,4.0,1.0,2.0,3.0,0.2857142857142857
208,2020-11-13,-0.5810297016407635,1.375825980732694,0.1131019149445585,63.43,2.0,0.0,2.0,2.0,4.0,1.0,2.0,3.0,0.1428571428571428
209,2020-11-16,1.142796895930294,1.5955624534414723,0.1338057243324579,63.43,2.0,0.0,2.0,2.0,4.0,1.0,2.0,3.0,0.1428571428571428
210,2020-11-17,-0.0703104982437189,1.5894527522842834,0.1360192334965297,63.43,2.0,0.0,2.0,2.0,4.0,1.0,2.0,3.0,0.1428571428571428
211,2020-11-18,0.0441848424598313,1.4596202133523577,0.1267279900555438,63.43,2.0,0.0,2.0,2.0,4.0,1.0,2.0,3.0,0.0
212,2020-11-19,0.3900244146427205,1.315904608389377,0.1170749840326641,63.43,2.0,0.0,2.0,2.0,4.0,1.0,2.0,3.0,0.0
213,2020-11-20,0.5331615179412252,1.305895902061792,0.1124291292861004,76.39,3.0,0.0,3.0,2.0,4.0,1.0,2.0,3.0,0.0
214,2020-11-23,0.997050767105058,1.647616585720027,0.1290637016769663,76.39,3.0,0.0,3.0,2.0,4.0,1.0,2.0,3.0,0.0
215,2020-11-24,-0.2910088700987651,1.2718417339790649,0.1123393385204067,81.94,3.0,0.0,3.0,2.0,4.0,2.0,2.0,3.0,0.0
216,2020-11-25,-1.365865090589148,1.303270535378346,0.1047301412819855,81.94,3.0,0.0,3.0,2.0,4.0,2.0,2.0,3.0,0.0
217,2020-11-26,0.0150011201124372,1.2860221058859047,0.1043748355010691,81.94,3.0,0.0,3.0,2.0,4.0,2.0,2.0,3.0,0.0
218,2020-11-27,0.9825315464245964,1.2973971242117266,0.1023164295068418,81.94,3.0,0.0,3.0,2.0,4.0,2.0,2.0,3.0,0.0
219,2020-11-30,-0.019198487257509,1.457676753913178,0.1192660653133926,81.94,3.0,0.0,3.0,2.0,4.0,2.0,2.0,3.0,0.1428571428571428
220,2020-12-01,1.711423444223755,1.4158879035420209,0.1138646546629702,81.94,3.0,0.0,3.0,2.0,4.0,2.0,2.0,3.0,0.1428571428571428
221,2020-12-02,0.089636046977875,1.273023925718219,0.1121078580755156,81.94,3.0,0.0,3.0,2.0,4.0,2.0,2.0,3.0,0.1428571428571428
222,2020-12-03,-0.2806140556801845,1.3904777143537546,0.1142346244570788,81.94,3.0,0.0,3.0,2.0,4.0,2.0,2.0,3.0,0.2857142857142857
223,2020-12-04,-0.1642825015634516,1.3417007423024154,0.1108248740407363,81.94,3.0,0.0,3.0,2.0,4.0,2.0,2.0,3.0,0.4285714285714285
224,2020-12-07,-1.1487624686984124,1.264746767171596,0.1205640240840126,81.94,3.0,0.0,3.0,2.0,4.0,2.0,2.0,3.0,0.4285714285714285
225,2020-12-08,-0.3001568265485854,0.9596109208069996,0.0784448057528175,78.24,3.0,0.0,2.0,2.0,4.0,2.0,2.0,3.0,0.4285714285714285
226,2020-12-09,-1.6003317018728989,1.384716065698569,0.1112587901535431,78.24,3.0,0.0,2.0,2.0,4.0,2.0,2.0,3.0,0.4285714285714285
227,2020-12-10,-0.2146002573053478,1.2293515505517296,0.1062522523110592,78.24,3.0,0.0,2.0,2.0,4.0,2.0,2.0,3.0,0.5714285714285714
228,2020-12-11,-1.0635434522135434,1.3355472498140648,0.1105055881282917,78.24,3.0,0.0,2.0,2.0,4.0,2.0,2.0,3.0,0.4285714285714285
229,2020-12-14,0.2391481588622689,1.5570489047548124,0.1292340438662392,78.24,3.0,0.0,2.0,2.0,4.0,2.0,2.0,3.0,0.7142857142857143
230,2020-12-15,0.163969307882624,1.2936441271684234,0.104582653530774,78.24,3.0,0.0,2.0,2.0,4.0,2.0,2.0,3.0,1.1428571428571428
231,2020-12-16,-0.277370572709471,1.1672645017538046,0.093892366744762,78.24,3.0,0.0,2.0,2.0,4.0,2.0,2.0,3.0,1.5714285714285714
232,2020-12-17,1.2058042703568717,1.3625020366526202,0.1111596158550588,78.24,3.0,0.0,2.0,2.0,4.0,2.0,2.0,3.0,1.2857142857142858
233,2020-12-18,-0.009254641625625,1.5187665431511377,0.1205604140347752,78.24,3.0,0.0,2.0,2.0,4.0,2.0,2.0,3.0,1.5714285714285714
234,2020-12-21,0.8085102140261061,1.5979135893585783,0.1295089605039051,78.24,3.0,0.0,2.0,2.0,4.0,2.0,2.0,3.0,1.8571428571428568
235,2020-12-22,-2.302425483037953,1.7355143421048649,0.1317828337812876,78.24,3.0,0.0,2.0,2.0,4.0,2.0,2.0,3.0,1.5714285714285714
236,2020-12-23,0.7516817333821453,1.56179118241891,0.1344856995104013,78.24,3.0,0.0,2.0,2.0,4.0,2.0,2.0,3.0,1.2857142857142858
237,2020-12-24,-0.7437354445293866,1.642366355557053,0.128719746090799,78.24,3.0,0.0,2.0,2.0,4.0,2.0,2.0,3.0,1.4285714285714286
238,2020-12-25,1.0597538353696814,1.5690239905150931,0.1300083968035742,78.24,3.0,0.0,2.0,2.0,4.0,2.0,2.0,3.0,1.4285714285714286
239,2020-12-28,-0.2181011644994341,1.681480643536984,0.1443910408355737,78.24,3.0,0.0,2.0,2.0,4.0,2.0,2.0,3.0,1.0
240,2020-12-29,-0.263456217136354,1.863313068329191,0.1632683082683746,78.24,3.0,0.0,2.0,2.0,4.0,2.0,2.0,3.0,1.4285714285714286
241,2020-12-30,0.9003779679034533,1.4629388143113842,0.1179668012244356,78.24,3.0,0.0,2.0,2.0,4.0,2.0,2.0,3.0,1.5714285714285714
242,2020-12-31,1.7531365330279618,1.55181897751339,0.1184611398455112,78.24,3.0,0.0,2.0,2.0,4.0,2.0,2.0,3.0,2.0
243,2021-01-04,0.9736929127974736,2.35241032958347,0.1853338626540846,78.24,3.0,0.0,2.0,2.0,4.0,2.0,2.0,3.0,1.8571428571428568
244,2021-01-05,1.044137610302515,2.4633804648356032,0.1873894447363355,78.24,3.0,0.0,2.0,2.0,4.0,2.0,2.0,3.0,1.7142857142857142
245,2021-01-06,0.2366499359206696,1.914721227229808,0.1481072839057779,78.24,3.0,0.0,2.0,2.0,4.0,2.0,2.0,3.0,1.4285714285714286
246,2021-01-07,0.6674306622067876,2.5016764101641025,0.1921527396553166,78.24,3.0,0.0,2.0,2.0,4.0,2.0,2.0,3.0,1.0
247,2021-01-08,0.552442221473113,2.034398952502601,0.1603218572986785,78.24,3.0,0.0,2.0,2.0,4.0,2.0,2.0,3.0,0.8571428571428571
248,2021-01-11,-1.5142362920072368,2.2333931072259,0.1737645990867964,78.24,3.0,0.0,2.0,2.0,4.0,2.0,2.0,3.0,1.1428571428571428
249,2021-01-12,1.9942217567282376,1.9988340651385736,0.1546739485244096,78.24,3.0,0.0,2.0,2.0,4.0,2.0,2.0,3.0,0.8571428571428571
250,2021-01-13,-0.1048386650926015,2.3332694075507083,0.1769309992465214,78.24,3.0,0.0,2.0,2.0,4.0,2.0,2.0,3.0,1.0
251,2021-01-14,-1.0398556156791745,2.2382649291415837,0.1792918345066571,78.24,3.0,0.0,2.0,2.0,4.0,2.0,2.0,3.0,1.1428571428571428
252,2021-01-15,-0.2570812377384038,1.7803741120781973,0.1476417531759424,78.24,3.0,0.0,2.0,2.0,4.0,2.0,2.0,3.0,1.1428571428571428
253,2021-01-18,1.0328767424812042,1.7336207120439326,0.1423918984354744,78.24,3.0,0.0,2.0,2.0,4.0,2.0,2.0,3.0,0.7142857142857143
254,2021-01-19,-0.7516286685823206,2.0109743609174364,0.1529250231865495,78.24,3.0,0.0,2.0,2.0,4.0,2.0,2.0,3.0,0.7142857142857143
255,2021-01-20,0.3375368876614101,1.7072482505485802,0.1376797895578214,78.24,3.0,0.0,2.0,2.0,4.0,2.0,2.0,3.0,0.8571428571428571
256,2021-01-21,1.0823930440762062,1.8132860987604948,0.1450023055662874,78.24,3.0,0.0,2.0,2.0,4.0,2.0,2.0,3.0,0.7142857142857143
257,2021-01-22,-0.6351179387200399,2.280910651106841,0.1794314561267261,78.24,3.0,0.0,2.0,2.0,4.0,2.0,2.0,3.0,0.8571428571428571
258,2021-01-25,-0.1159333030522556,2.206107730448416,0.1740005916683697,78.24,3.0,0.0,2.0,2.0,4.0,2.0,2.0,3.0,1.0
259,2021-01-26,-1.313945447940302,2.412131236654448,0.1855160337343178,78.24,3.0,0.0,2.0,2.0,4.0,2.0,2.0,3.0,1.2857142857142858
260,2021-01-27,0.282939034227805,1.6527705299104911,0.1410747958575282,78.24,3.0,0.0,2.0,2.0,4.0,2.0,2.0,3.0,1.2857142857142858
261,2021-01-28,-2.12191651995191,2.026260101255151,0.1560933525547993,78.24,3.0,0.0,2.0,2.0,4.0,2.0,2.0,3.0,1.4285714285714286
262,2021-01-29,-0.8079022004404433,1.9352737112980287,0.1486534439024736,78.24,3.0,0.0,2.0,2.0,4.0,2.0,2.0,3.0,1.5714285714285714
263,2021-02-01,0.8716945645847962,2.378931505844722,0.2022709333612873,78.24,3.0,0.0,2.0,2.0,4.0,2.0,2.0,3.0,2.0
264,2021-02-02,0.9067401510970168,2.2299077706157275,0.1769238592284228,78.24,3.0,0.0,2.0,2.0,4.0,2.0,2.0,3.0,1.7142857142857142
265,2021-02-03,-0.7654488252084795,1.9004381727449735,0.157028952263889,78.24,3.0,0.0,2.0,2.0,4.0,2.0,2.0,3.0,1.7142857142857142
266,2021-02-04,-1.1825706042542186,2.0173639650667847,0.1584305064382778,78.24,3.0,0.0,2.0,2.0,4.0,2.0,2.0,3.0,1.5714285714285714
267,2021-02-05,-0.456895522980269,2.4604830211095408,0.1908207233204567,78.24,3.0,0.0,2.0,2.0,4.0,2.0,2.0,3.0,1.5714285714285714
268,2021-02-08,1.304510741781397,2.183196902952265,0.1738353943172065,78.24,3.0,0.0,2.0,2.0,4.0,2.0,2.0,3.0,0.8571428571428571
269,2021-02-09,2.0741606674129565,1.9072156481371163,0.1464768883780081,78.24,3.0,0.0,2.0,2.0,4.0,2.0,2.0,3.0,0.7142857142857143
270,2021-02-10,1.1870053344017644,1.8895093648619892,0.1500029576518215,78.24,3.0,0.0,2.0,2.0,4.0,2.0,2.0,3.0,0.7142857142857143
271,2021-02-18,1.2597720763947886,2.4682716588887152,0.2006058250719072,78.24,3.0,0.0,2.0,2.0,4.0,2.0,2.0,3.0,1.1428571428571428
272,2021-02-19,1.143623473736057,2.2021566120462093,0.1746126179746626,78.24,3.0,0.0,2.0,2.0,4.0,2.0,2.0,3.0,0.8571428571428571
273,2021-02-22,-0.9558418750296196,2.9228703320188343,0.2323536241128032,61.57,1.0,0.0,2.0,2.0,4.0,0.0,1.0,3.0,0.5714285714285714
274,2021-02-23,-0.4116151400964061,1.8463715196733876,0.1542682512866011,61.57,1.0,0.0,2.0,2.0,4.0,0.0,1.0,3.0,0.5714285714285714
275,2021-02-24,-1.5431658394313137,2.268843300383421,0.1746533580680191,61.57,1.0,0.0,2.0,2.0,4.0,0.0,1.0,3.0,0.2857142857142857
276,2021-02-25,0.5190617266232754,1.9961527022937176,0.1547341010233938,61.57,1.0,0.0,2.0,2.0,4.0,0.0,1.0,3.0,0.1428571428571428
277,2021-02-26,-2.016786302633629,1.8513737031910216,0.1479788381879648,61.57,1.0,0.0,2.0,2.0,4.0,0.0,1.0,3.0,0.1428571428571428
278,2021-03-01,1.474011955235397,1.8756270608189016,0.1457295793953593,56.02,1.0,0.0,2.0,2.0,4.0,0.0,1.0,3.0,0.2857142857142857
279,2021-03-02,-1.0347657026816026,1.671375724097261,0.1421011714766618,56.02,1.0,0.0,2.0,2.0,4.0,0.0,1.0,3.0,0.4285714285714285
280,2021-03-03,1.599080050060551,1.5887609110718672,0.134906747337483,56.02,1.0,0.0,2.0,2.0,4.0,0.0,1.0,3.0,0.4285714285714285
281,2021-03-04,-2.0255034456631487,2.160029009635265,0.1661212310870583,56.02,1.0,0.0,2.0,2.0,4.0,0.0,1.0,3.0,0.2857142857142857
282,2021-03-05,-0.0496854732137803,1.9187215478291213,0.1541047081707853,56.02,1.0,0.0,2.0,2.0,4.0,0.0,1.0,3.0,0.4285714285714285
283,2021-03-08,-2.204512884443303,2.4480350429001474,0.1891484998022022,56.02,1.0,0.0,2.0,2.0,4.0,0.0,1.0,3.0,0.5714285714285714
284,2021-03-09,-1.894695414871998,2.20022232205477,0.1677652967102024,56.02,1.0,0.0,2.0,2.0,4.0,0.0,1.0,3.0,0.4285714285714285
285,2021-03-10,-0.4452935696312116,1.8373319283737464,0.145974012980825,56.02,1.0,0.0,2.0,2.0,4.0,0.0,1.0,3.0,0.4285714285714285
286,2021-03-11,2.2074864533464904,1.6107537188391428,0.1288877660760477,56.02,1.0,0.0,2.0,2.0,4.0,0.0,1.0,3.0,0.5714285714285714
287,2021-03-12,0.4484778400712951,1.6512493466037734,0.1356622862463642,56.02,1.0,0.0,2.0,2.0,4.0,0.0,1.0,3.0,0.4285714285714285
288,2021-03-15,-1.2076700103825346,2.2088720984151147,0.1722576704018666,51.39,1.0,0.0,1.0,1.0,4.0,0.0,1.0,3.0,0.1428571428571428
289,2021-03-16,0.5916284494839807,1.4178412607983315,0.1208337640559821,51.39,1.0,0.0,1.0,1.0,4.0,0.0,1.0,3.0,0.1428571428571428
290,2021-03-17,0.2481500379504878,1.633653713884012,0.1362880038537883,51.39,1.0,0.0,1.0,1.0,4.0,0.0,1.0,3.0,0.1428571428571428
291,2021-03-18,0.445643480807464,1.3985685084601995,0.1140456376196281,51.39,1.0,0.0,1.0,1.0,4.0,0.0,1.0,3.0,0.0
292,2021-03-19,-1.8542775119245327,1.4914962600621695,0.1139747329795415,51.39,1.0,0.0,1.0,1.0,4.0,0.0,1.0,3.0,0.0
293,2021-03-22,1.3231402636422138,1.4804755280898156,0.1236600827015688,51.39,1.0,0.0,1.0,1.0,4.0,0.0,1.0,3.0,0.0
294,2021-03-23,-1.1539335108726976,1.637738198089972,0.1288604956210134,51.39,1.0,0.0,1.0,1.0,4.0,0.0,1.0,3.0,0.0
295,2021-03-24,-1.6041634256622113,1.9429649484699825,0.1526842943393849,51.39,1.0,0.0,1.0,1.0,4.0,0.0,1.0,3.0,0.1428571428571428
296,2021-03-25,0.0192663468080251,1.3549682903159912,0.1180259647542809,51.39,1.0,0.0,1.0,1.0,4.0,0.0,1.0,3.0,0.1428571428571428
297,2021-03-26,1.7322993123073305,1.6112757085956424,0.1220267354681632,51.39,1.0,0.0,1.0,1.0,4.0,0.0,1.0,3.0,0.1428571428571428
298,2021-03-29,0.1423404536580632,1.3961601661586271,0.1223159147783517,44.44,1.0,0.0,1.0,1.0,1.0,0.0,1.0,3.0,0.2857142857142857
299,2021-03-30,0.2667524465487749,1.5131414460357315,0.1312518081109835,44.44,1.0,0.0,1.0,1.0,1.0,0.0,1.0,3.0,0.2857142857142857
300,2021-03-31,-0.4402419918069752,1.6299082870844122,0.1343267420422518,50.0,1.0,0.0,1.0,1.0,1.0,0.0,1.0,3.0,0.1428571428571428
301,2021-04-01,0.7152331080112987,1.2755969534889515,0.1058219105907773,50.0,1.0,0.0,1.0,1.0,1.0,0.0,1.0,3.0,0.1428571428571428
302,2021-04-02,0.2501211324697662,1.3417747081503892,0.1061198796561291,50.0,1.0,0.0,1.0,1.0,1.0,0.0,1.0,3.0,0.1428571428571428
303,2021-04-06,0.0290088257419614,1.2019382086746828,0.1093219947428304,78.24,3.0,0.0,2.0,2.0,4.0,2.0,2.0,3.0,0.0
304,2021-04-07,0.1596039577497122,1.5137244632992175,0.1345807355428437,78.24,3.0,0.0,2.0,2.0,4.0,2.0,2.0,3.0,0.0
305,2021-04-08,-0.113720327067078,1.1407361089492307,0.0944907422433495,78.24,3.0,0.0,2.0,2.0,4.0,2.0,2.0,3.0,0.0
306,2021-04-09,-0.7987545528970696,1.3024862609284018,0.1163865790242231,78.24,3.0,0.0,2.0,2.0,4.0,2.0,2.0,3.0,0.0
307,2021-04-12,-1.669550399254336,1.8590579481732088,0.1399453604084898,78.24,3.0,0.0,2.0,2.0,4.0,2.0,2.0,3.0,0.4285714285714285
308,2021-04-13,-0.5644252162375908,1.4125292027551175,0.1275747696486042,78.24,3.0,0.0,2.0,2.0,4.0,2.0,2.0,3.0,0.4285714285714285
309,2021-04-14,0.9415666755899784,1.27717503663304,0.1125488049104277,78.24,3.0,0.0,2.0,2.0,4.0,2.0,2.0,3.0,0.5714285714285714
310,2021-04-15,-0.4603049049777979,1.2223457685518415,0.1033598381121984,78.24,3.0,0.0,2.0,2.0,4.0,2.0,2.0,3.0,0.7142857142857143
311,2021-04-16,0.851723672515608,1.314639587757995,0.1113534253748521,78.24,3.0,0.0,2.0,2.0,4.0,2.0,2.0,3.0,0.7142857142857143
312,2021-04-19,1.830655334693966,1.7651328826114256,0.1397954822856411,78.24,3.0,0.0,2.0,2.0,4.0,2.0,2.0,3.0,0.2857142857142857
313,2021-04-20,-0.3624984058040311,1.1855905932340425,0.1001584497442489,78.24,3.0,0.0,2.0,2.0,4.0,2.0,2.0,3.0,0.2857142857142857
314,2021-04-21,-0.0383047169643257,1.2399836786622789,0.1070362411848884,78.24,3.0,0.0,2.0,2.0,4.0,2.0,2.0,3.0,0.1428571428571428
315,2021-04-22,-0.1410852593163749,1.0528153194215089,0.0965511798343096,78.24,3.0,0.0,2.0,2.0,4.0,2.0,2.0,3.0,0.0
316,2021-04-23,0.0966735253075961,1.3612457026196088,0.1141000774363696,78.24,3.0,0.0,2.0,2.0,4.0,2.0,2.0,3.0,0.0
317,2021-04-26,-0.7289060590596869,1.576124193068774,0.1283177237962145,78.24,3.0,0.0,2.0,2.0,4.0,2.0,2.0,3.0,0.1428571428571428
318,2021-04-27,-0.3345363886596222,1.6015255984762982,0.1337645890548885,78.24,3.0,0.0,2.0,2.0,4.0,2.0,2.0,3.0,0.1428571428571428
319,2021-04-28,0.7525457904971208,1.5893100733002246,0.1333791118397961,78.24,3.0,0.0,2.0,2.0,4.0,2.0,2.0,3.0,0.1428571428571428
320,2021-04-29,0.6486945545908934,1.5654297495054483,0.1276388343603435,78.24,3.0,0.0,2.0,2.0,4.0,2.0,2.0,3.0,0.1428571428571428
321,2021-04-30,-1.0953369303485514,1.9243215101074929,0.1655794639735379,78.24,3.0,0.0,2.0,2.0,4.0,2.0,2.0,3.0,0.1428571428571428
322,2021-05-06,-0.3686921383870558,2.147222715553495,0.1756046732710952,63.43,1.0,0.0,2.0,2.0,4.0,1.0,1.0,3.0,0.1428571428571428
323,2021-05-07,-0.6420031522262513,1.8628481000452,0.1466467000678746,63.43,1.0,0.0,2.0,2.0,4.0,1.0,1.0,3.0,0.1428571428571428
324,2021-05-10,0.1369777934639349,2.018277786595622,0.1646221254248567,63.43,1.0,0.0,2.0,2.0,4.0,1.0,1.0,3.0,0.0
325,2021-05-11,0.2250598457855279,1.7725482808165196,0.1489718076020297,63.43,1.0,0.0,2.0,2.0,4.0,1.0,1.0,3.0,0.0
326,2021-05-12,0.4152577320247627,1.229590579934044,0.1129271496663829,61.57,1.0,0.0,2.0,2.0,4.0,1.0,1.0,3.0,0.0
327,2021-05-13,-1.0543334634079131,1.5029655707633327,0.1234165851617435,61.57,1.0,0.0,2.0,2.0,4.0,1.0,1.0,3.0,0.0
328,2021-05-14,1.9187481522056973,1.8899694463146413,0.146252026192294,67.13,3.0,0.0,2.0,2.0,4.0,1.0,1.0,3.0,0.0
329,2021-05-17,0.7113867350677465,1.881379790043233,0.1642093853227645,68.98,3.0,0.0,2.0,2.0,4.0,1.0,1.0,3.0,0.0
330,2021-05-18,0.3300612871922527,1.2285098508357075,0.1060300036782521,68.98,3.0,0.0,2.0,2.0,4.0,1.0,1.0,3.0,0.0
331,2021-05-19,-0.4843866223191013,1.2873324146749885,0.1233876012354103,68.98,3.0,0.0,2.0,2.0,4.0,1.0,1.0,3.0,0.2857142857142857
332,2021-05-20,-0.1312531014161579,1.6881362542578913,0.1396249422669181,68.98,3.0,0.0,2.0,2.0,4.0,1.0,1.0,3.0,0.2857142857142857
333,2021-05-21,-0.9243760469114488,1.48371819913809,0.1745737139445623,68.98,3.0,0.0,2.0,2.0,4.0,1.0,1.0,3.0,0.4285714285714285
334,2021-05-24,0.2936616666545117,1.4255630597093762,0.1316364803246016,68.98,3.0,0.0,2.0,2.0,4.0,1.0,1.0,3.0,1.5714285714285714
335,2021-05-25,2.08278554387189,1.5889981844231127,0.129039955047565,68.98,3.0,0.0,2.0,2.0,4.0,1.0,1.0,3.0,2.4285714285714284
336,2021-05-26,0.2548177775117974,1.3802039376754238,0.1181985674174596,68.98,3.0,0.0,2.0,2.0,4.0,1.0,1.0,3.0,3.0
337,2021-05-27,0.358592144646003,1.2513083726062604,0.122610529298769,68.98,3.0,0.0,2.0,2.0,4.0,1.0,1.0,3.0,4.571428571428571
338,2021-05-28,-0.3695734841819236,1.3671782711925946,0.1160809324800632,68.98,3.0,0.0,2.0,2.0,4.0,1.0,1.0,3.0,6.285714285714286
339,2021-05-31,0.1357310967467259,1.4343491470585552,0.1237089254245906,66.2,2.0,0.0,3.0,2.0,4.0,0.0,2.0,3.0,12.285714285714286
340,2021-06-01,0.0011352870983743,1.4633098619278964,0.1606689578877662,66.2,2.0,0.0,3.0,2.0,4.0,0.0,2.0,3.0,13.571428571428571
341,2021-06-02,-0.7753706833287591,1.4048026621407377,0.1131288067038121,66.2,2.0,0.0,3.0,2.0,4.0,0.0,2.0,3.0,14.571428571428571
342,2021-06-03,-0.3664162724009851,1.434692096487535,0.1629339165989138,66.2,2.0,0.0,3.0,2.0,4.0,0.0,2.0,3.0,14.714285714285714
343,2021-06-04,0.1301039686207919,1.3954433120730214,0.1805462933049779,66.2,2.0,0.0,3.0,2.0,4.0,0.0,2.0,3.0,15.285714285714286
344,2021-06-07,-0.001219486325435,1.4219744292297078,0.1172800853771125,66.2,2.0,0.0,3.0,2.0,4.0,0.0,2.0,3.0,21.571428571428573
345,2021-06-08,-0.3723529255197026,1.4786549568804412,0.14402995954497,66.2,2.0,0.0,3.0,2.0,4.0,0.0,2.0,3.0,23.142857142857142
346,2021-06-09,-0.0808694284389832,1.246400568180458,0.1038330595447095,66.2,2.0,0.0,3.0,2.0,4.0,0.0,2.0,3.0,24.428571428571427
347,2021-06-10,0.1413145831298133,1.2876580313897183,0.1195442619599173,66.2,2.0,0.0,3.0,2.0,4.0,0.0,2.0,3.0,26.285714285714285
348,2021-06-11,-0.95525681075046,1.6796386458930723,0.1345448479839798,69.91,2.0,0.0,3.0,2.0,4.0,0.0,2.0,3.0,27.857142857142858
349,2021-06-15,-1.3884628316580565,1.520424107956342,0.1267510687940138,78.24,2.0,0.0,3.0,2.0,4.0,2.0,2.0,3.0,23.714285714285715
350,2021-06-16,-1.0361573824638948,1.9738155356823013,0.1877306042277862,78.24,2.0,0.0,3.0,2.0,4.0,2.0,2.0,3.0,21.714285714285715
351,2021-06-17,0.0286932866097765,1.3310024042983284,0.1244985261037751,78.24,2.0,0.0,3.0,2.0,4.0,2.0,2.0,3.0,20.714285714285715
352,2021-06-18,0.0618778815270622,1.9100755503948847,0.2035278004032815,78.24,2.0,0.0,3.0,2.0,4.0,2.0,2.0,3.0,19.428571428571427
353,2021-06-21,-0.010225574905328,1.6175089684666224,0.1313344368997417,78.24,2.0,0.0,3.0,2.0,4.0,2.0,2.0,3.0,16.0
354,2021-06-22,0.4749536123528398,1.4009457186801404,0.1291500235764931,78.24,2.0,0.0,3.0,2.0,4.0,2.0,2.0,3.0,16.714285714285715
355,2021-06-23,0.4069333762440576,1.6307157050450976,0.1769533615535972,78.24,2.0,0.0,3.0,2.0,4.0,2.0,2.0,3.0,16.428571428571427
356,2021-06-24,-0.1933362662797989,1.4444284975195438,0.1884748643354239,74.54,2.0,0.0,2.0,2.0,4.0,2.0,2.0,3.0,17.285714285714285
357,2021-06-25,1.1489665081700218,1.4041743159734088,0.1169011146613176,74.54,2.0,0.0,2.0,2.0,4.0,2.0,2.0,3.0,15.428571428571429
358,2021-06-28,-0.0492781445162687,1.6491226080966803,0.1393058271652859,74.54,2.0,0.0,2.0,2.0,4.0,2.0,2.0,3.0,11.857142857142858
359,2021-06-29,-1.0206824479959644,1.250343548255326,0.1079856767707594,74.54,2.0,0.0,2.0,2.0,4.0,2.0,2.0,3.0,9.428571428571429
360,2021-06-30,0.5316188091460844,1.248186480630689,0.1115019497309121,74.54,2.0,0.0,2.0,2.0,4.0,2.0,2.0,3.0,9.857142857142858
361,2021-07-01,-0.6842300035246623,2.0273103684120786,0.181484411123192,74.54,2.0,0.0,2.0,2.0,4.0,2.0,2.0,3.0,7.142857142857143
362,2021-07-02,-1.6023375109440718,1.7058845086243204,0.1297320896851163,68.98,2.0,0.0,2.0,2.0,4.0,2.0,2.0,3.0,8.142857142857142
363,2021-07-05,-0.0064981969940163,1.803146312205371,0.1762664484997552,68.98,2.0,0.0,2.0,2.0,4.0,2.0,2.0,3.0,8.142857142857142
364,2021-07-06,0.2127789558366845,1.5847701859309484,0.1375509024068993,68.98,2.0,0.0,2.0,2.0,4.0,2.0,2.0,3.0,8.0
365,2021-07-07,0.5479321528459207,1.588415549820635,0.1308601283845816,81.94,3.0,0.0,3.0,2.0,4.0,2.0,2.0,3.0,9.142857142857142
366,2021-07-08,-0.8986246457962318,1.6027599811130655,0.1376107439582186,81.94,3.0,0.0,3.0,2.0,4.0,2.0,2.0,3.0,9.714285714285714
367,2021-07-09,0.1901031234388897,1.607831654226371,0.1473170844853084,81.94,3.0,0.0,3.0,2.0,4.0,2.0,2.0,3.0,8.285714285714286
368,2021-07-12,0.7997176832625082,1.8471980529844692,0.1579421164644218,81.94,3.0,0.0,3.0,2.0,4.0,2.0,2.0,3.0,7.571428571428571
369,2021-07-13,0.5186037349505258,1.53812521535897,0.1389932549237729,81.94,3.0,0.0,3.0,2.0,4.0,2.0,2.0,3.0,7.428571428571429
370,2021-07-14,-1.239714562830173,1.5824290542156996,0.1550332070742556,81.94,3.0,0.0,3.0,2.0,4.0,2.0,2.0,3.0,5.857142857142857
371,2021-07-15,0.4700357178258294,1.6255633787406796,0.1382790656522549,81.94,3.0,0.0,3.0,2.0,4.0,2.0,2.0,3.0,5.428571428571429
372,2021-07-16,-0.2911317403246665,1.7494339414811613,0.1761941342867261,81.94,3.0,0.0,3.0,2.0,4.0,2.0,2.0,3.0,5.857142857142857
373,2021-07-19,-0.134036525575079,1.5594052320322414,0.1285681000191615,81.94,3.0,0.0,3.0,2.0,4.0,2.0,2.0,3.0,4.0
374,2021-07-20,-0.1874965997525268,1.2938516092510195,0.119585904155194,70.83,3.0,0.0,3.0,2.0,4.0,0.0,2.0,2.0,4.0
375,2021-07-21,0.3521544237030315,1.771606832946031,0.1626572334022822,70.83,3.0,0.0,3.0,2.0,4.0,0.0,2.0,2.0,3.7142857142857135
376,2021-07-22,0.5560767369746374,1.7729990563005074,0.1548615111361324,70.83,3.0,0.0,3.0,2.0,4.0,0.0,2.0,2.0,3.571428571428572
377,2021-07-23,-0.7776153416904645,1.8270764657751477,0.1496334953300931,70.83,3.0,0.0,3.0,2.0,4.0,0.0,2.0,2.0,3.2857142857142856
378,2021-07-26,-2.506873546347557,2.098809514279591,0.1687484389538737,70.83,3.0,0.0,3.0,2.0,4.0,0.0,2.0,2.0,2.571428571428572
379,2021-07-27,-2.4240132228720666,2.2673706729979752,0.1720603668650505,70.83,3.0,0.0,3.0,2.0,4.0,0.0,2.0,2.0,2.4285714285714284
380,2021-07-28,-0.9860568438544318,2.160481900136057,0.1578499448873462,70.83,3.0,0.0,3.0,2.0,4.0,0.0,2.0,2.0,2.0
381,2021-07-29,1.181822265029504,2.0544062404277152,0.1636098643844188,70.83,3.0,0.0,3.0,2.0,4.0,0.0,2.0,2.0,1.2857142857142858
382,2021-07-30,-0.0177073604285559,2.097079683087049,0.1717710634651897,70.83,3.0,0.0,3.0,2.0,4.0,0.0,2.0,2.0,0.7142857142857143
383,2021-08-02,2.0793218365239383,2.2143461271294917,0.1869549931970748,70.83,3.0,0.0,3.0,2.0,4.0,0.0,2.0,2.0,0.4285714285714285
384,2021-08-03,-0.1606274821550081,1.8620537082477904,0.1640274158912133,70.83,3.0,0.0,3.0,2.0,4.0,0.0,2.0,2.0,0.4285714285714285
385,2021-08-04,0.5605968806230575,1.7924347481405345,0.1476927516537459,70.83,3.0,0.0,3.0,2.0,4.0,0.0,2.0,2.0,0.5714285714285714
386,2021-08-05,-0.6161343582295086,1.5787486924746048,0.1303007498553666,70.83,3.0,0.0,3.0,2.0,4.0,0.0,2.0,2.0,0.5714285714285714
387,2021-08-06,-0.1689189265632506,1.492079303040011,0.133609638342163,70.83,3.0,0.0,3.0,2.0,4.0,0.0,2.0,2.0,0.5714285714285714
388,2021-08-09,1.4950479277669464,1.85047992891264,0.1505080740756399,70.83,3.0,0.0,3.0,2.0,4.0,0.0,2.0,2.0,2.857142857142857
389,2021-08-10,0.8157027652549771,1.4040303140173152,0.1226933878524347,70.83,3.0,0.0,3.0,2.0,4.0,0.0,2.0,2.0,3.4285714285714284
390,2021-08-11,0.1629141550492574,1.5909009723315346,0.1354498270707654,70.83,3.0,0.0,3.0,2.0,4.0,0.0,2.0,2.0,3.2857142857142856
391,2021-08-12,-0.2035025678003758,1.6603374838058802,0.1486096888669069,70.83,3.0,54.5,3.0,2.0,4.0,0.0,2.0,2.0,3.571428571428572
392,2021-08-13,-0.2936117909371144,1.4046149974850852,0.1336489956191174,70.83,3.0,54.5,3.0,2.0,4.0,0.0,2.0,2.0,3.7142857142857135
393,2021-08-16,0.3204440398076732,1.4560490454947863,0.1313823092583443,70.83,3.0,54.5,3.0,2.0,4.0,0.0,2.0,2.0,1.7142857142857142
394,2021-08-17,-1.5083601303840095,1.770712287465505,0.1413286514041816,70.83,3.0,54.5,3.0,2.0,4.0,0.0,2.0,2.0,1.1428571428571428
395,2021-08-18,1.4125534068510588,2.087806830915385,0.1658898030126248,70.83,3.0,54.5,3.0,2.0,4.0,0.0,2.0,2.0,1.0
396,2021-08-19,-0.5428402827845585,1.881246269351692,0.1505355163762324,70.83,3.0,54.5,3.0,2.0,4.0,0.0,2.0,2.0,0.7142857142857143
397,2021-08-20,-0.8683464093414549,1.8035097982225483,0.1488963686545289,70.83,3.0,54.5,3.0,2.0,4.0,0.0,2.0,2.0,1.2857142857142858
398,2021-08-23,1.2740389386699702,1.9181093997858691,0.1506837762004887,70.83,3.0,54.5,3.0,2.0,4.0,0.0,2.0,2.0,1.0
399,2021-08-24,0.6934387338995202,1.5707349695443995,0.1308350230316196,70.83,3.0,54.5,3.0,2.0,4.0,0.0,2.0,2.0,1.0
400,2021-08-25,0.5473167046115843,1.9243687944878007,0.1553111343298989,70.83,3.0,54.5,3.0,2.0,4.0,0.0,2.0,2.0,1.1428571428571428
401,2021-08-26,-0.8559767934258091,1.957542191738276,0.1655629382730652,70.83,3.0,62.38,3.0,2.0,4.0,0.0,2.0,2.0,1.2857142857142858
402,2021-08-27,0.2074387551846925,1.7818025638247794,0.1531037177615433,70.83,3.0,62.38,3.0,2.0,4.0,0.0,2.0,2.0,0.8571428571428571
403,2021-08-30,-0.036803784991233,2.504241395808706,0.1966762013114107,70.83,3.0,62.38,3.0,2.0,4.0,0.0,2.0,2.0,0.8571428571428571
404,2021-08-31,0.858883897384159,2.2105580470446524,0.1868285590906055,70.83,3.0,62.38,3.0,2.0,4.0,0.0,2.0,2.0,0.8571428571428571
405,2021-09-01,1.386409223073811,2.640505347215707,0.2158956379174745,70.83,3.0,62.38,3.0,2.0,4.0,0.0,2.0,2.0,0.8571428571428571
406,2021-09-02,0.8614103657948292,2.1241066643802062,0.1744505339724981,70.83,3.0,62.38,3.0,2.0,4.0,0.0,2.0,2.0,0.8571428571428571
407,2021-09-03,-0.3025819538486122,2.0740511630627942,0.1681087699528135,70.83,3.0,62.38,3.0,2.0,4.0,0.0,2.0,2.0,0.7142857142857143
408,2021-09-06,1.5203370944183896,1.8160873944103435,0.1415767400581126,70.83,3.0,68.01,3.0,2.0,4.0,0.0,2.0,2.0,0.4285714285714285
409,2021-09-07,1.2351534885588464,1.5345688998605096,0.1239462857374342,70.83,3.0,68.01,3.0,2.0,4.0,0.0,2.0,2.0,0.4285714285714285
410,2021-09-08,0.4993244465120943,1.7955292370523324,0.1503908671271923,70.83,3.0,68.01,3.0,2.0,4.0,0.0,2.0,2.0,0.2857142857142857
411,2021-09-09,0.5573465293348316,1.986521945331884,0.1656626401527531,70.83,3.0,68.01,3.0,2.0,4.0,0.0,2.0,2.0,0.1428571428571428
412,2021-09-10,0.0224386061651761,1.8312798399890915,0.149640765538657,70.83,3.0,68.01,3.0,2.0,4.0,0.0,2.0,2.0,0.1428571428571428
413,2021-09-13,0.3299141030112419,2.162097968988925,0.1682463841979963,70.83,3.0,68.01,3.0,2.0,4.0,0.0,2.0,2.0,0.2857142857142857
414,2021-09-14,-2.2042540779496056,1.6272589271441098,0.1292841718019647,70.83,3.0,68.01,3.0,2.0,4.0,0.0,2.0,2.0,0.4285714285714285
415,2021-09-15,-0.3974447591731536,1.6680330824038878,0.1425745544280118,70.83,3.0,70.94,3.0,2.0,4.0,0.0,2.0,2.0,0.4285714285714285
416,2021-09-16,-1.447704977113922,1.7809502273732083,0.1501868598247799,70.83,3.0,70.94,3.0,2.0,4.0,0.0,2.0,2.0,0.4285714285714285
417,2021-09-17,0.3814558750804234,2.143722962060852,0.1680950917854753,70.83,3.0,70.94,3.0,2.0,4.0,0.0,2.0,2.0,0.2857142857142857
418,2021-09-22,0.313366991228062,2.421094937021479,0.1933353158282051,76.39,3.0,71.69,3.0,2.0,4.0,1.0,2.0,2.0,0.1428571428571428
419,2021-09-23,1.0703917014040985,1.7648537870397771,0.1467689097046522,76.39,3.0,71.69,3.0,2.0,4.0,1.0,2.0,2.0,0.2857142857142857
420,2021-09-24,-1.0773500023382134,2.0528594693535456,0.1681084590988031,76.39,3.0,71.69,3.0,2.0,4.0,1.0,2.0,2.0,0.2857142857142857
421,2021-09-27,-1.3592736328219328,2.756756071820349,0.214010699817695,76.39,3.0,71.69,3.0,2.0,4.0,1.0,2.0,2.0,0.1428571428571428
422,2021-09-28,0.768454578055785,1.936483138718051,0.1559916013563863,76.39,3.0,73.49,3.0,2.0,4.0,1.0,2.0,2.0,0.2857142857142857
423,2021-09-29,-1.8088968609899605,2.041025850425954,0.1605333443026581,76.39,3.0,73.49,3.0,2.0,4.0,1.0,2.0,2.0,0.2857142857142857
424,2021-09-30,0.6038324485130816,1.463187756627607,0.1178642299991978,76.39,3.0,73.49,3.0,2.0,4.0,1.0,2.0,2.0,0.1428571428571428
425,2021-10-08,1.0560074018286396,2.2840494164016567,0.1916334401176148,76.39,3.0,73.49,3.0,2.0,4.0,1.0,2.0,2.0,0.2857142857142857
426,2021-10-11,-0.0076188351195035,1.812032537567722,0.1511843301881326,76.39,3.0,73.49,3.0,2.0,4.0,1.0,2.0,2.0,0.4285714285714285
427,2021-10-12,-1.575999752831473,1.6718987583892762,0.1292949310201825,76.39,3.0,73.49,3.0,2.0,4.0,1.0,2.0,2.0,0.2857142857142857
428,2021-10-13,0.2789207125539982,1.6801428020922615,0.1415088462170591,76.39,3.0,73.49,3.0,2.0,4.0,1.0,2.0,2.0,0.2857142857142857
429,2021-10-14,-0.2053290261426645,1.5137149945865869,0.1305542805049609,76.39,3.0,73.49,3.0,2.0,4.0,1.0,2.0,2.0,0.2857142857142857
430,2021-10-15,-0.1185839157500798,1.4644564758480925,0.1199533590529607,76.39,3.0,73.49,3.0,2.0,4.0,1.0,2.0,2.0,0.2857142857142857
431,2021-10-18,-0.0168115370308617,1.8375673933864445,0.1532117122929719,76.39,3.0,73.49,3.0,2.0,4.0,1.0,2.0,2.0,0.0
432,2021-10-19,0.7589330578874668,1.433910354781761,0.1206051137434883,70.83,3.0,73.49,3.0,2.0,4.0,0.0,2.0,2.0,0.0
433,2021-10-20,-0.422923961784256,1.5392505443906828,0.1397275389713599,70.83,3.0,73.49,3.0,2.0,4.0,0.0,2.0,2.0,0.0
434,2021-10-21,0.1995496132772831,1.4170363045906038,0.1130606481427409,70.83,3.0,73.49,3.0,2.0,4.0,0.0,2.0,2.0,0.0
435,2021-10-22,-0.2812143057134583,1.783142258707204,0.1480255923187114,70.83,3.0,73.49,3.0,2.0,4.0,0.0,2.0,2.0,0.0
436,2021-10-25,0.2554409279433577,1.664151758597872,0.1390077948077561,70.83,3.0,74.87,3.0,2.0,4.0,0.0,2.0,2.0,0.0
437,2021-10-26,-0.26669598972847,1.535257487728844,0.1321672825899833,70.83,3.0,74.87,3.0,2.0,4.0,0.0,2.0,2.0,0.1428571428571428
438,2021-10-27,-1.4396129218937956,1.7230570755161752,0.145100371947984,70.83,3.0,74.87,3.0,2.0,4.0,0.0,2.0,2.0,0.1428571428571428
439,2021-10-28,-1.017487588106564,1.805821861083124,0.1487884294293716,70.83,3.0,74.87,3.0,2.0,4.0,0.0,2.0,2.0,0.1428571428571428
440,2021-10-29,0.7530019240981081,1.8939388870359397,0.1651542443698264,70.83,3.0,75.07,3.0,2.0,4.0,0.0,2.0,2.0,0.1428571428571428
441,2021-11-01,-0.0047420559254383,1.985352134277278,0.1694761095151588,70.83,3.0,75.07,3.0,2.0,4.0,0.0,2.0,2.0,0.1428571428571428
442,2021-11-02,-1.2989822122087822,1.873537287434008,0.1498991218660231,70.83,3.0,75.07,3.0,2.0,4.0,0.0,2.0,2.0,0.0
443,2021-11-03,0.3170755994134636,1.3560805044176694,0.1191400876859279,70.83,3.0,75.07,3.0,2.0,4.0,0.0,2.0,2.0,0.0
444,2021-11-04,0.4833032357632927,1.4969187661096564,0.1255188697789165,70.83,3.0,75.07,3.0,2.0,4.0,0.0,2.0,2.0,0.0
445,2021-11-05,-0.9048150393612536,1.6370511352537471,0.1317658425791587,70.83,3.0,75.21,3.0,2.0,4.0,0.0,2.0,2.0,0.0
446,2021-11-08,0.2605289105129417,1.499866667677304,0.1285460296761515,70.83,3.0,75.21,3.0,2.0,4.0,0.0,2.0,2.0,0.0
447,2021-11-09,0.0171301733449874,1.077770820904918,0.0881960510121164,70.83,3.0,75.21,3.0,2.0,4.0,0.0,2.0,2.0,0.0
448,2021-11-10,-0.2643256963844773,1.346460148845146,0.11620173584846,70.83,3.0,75.21,3.0,2.0,4.0,0.0,2.0,2.0,0.1428571428571428
449,2021-11-11,1.5313058010472598,1.6877817580235028,0.142267354170195,70.83,3.0,75.21,3.0,2.0,4.0,0.0,2.0,2.0,0.1428571428571428
450,2021-11-12,-0.1103433179906815,1.2608520557123606,0.1074186880160384,70.83,3.0,75.31,3.0,2.0,4.0,0.0,2.0,2.0,0.1428571428571428
451,2021-11-15,-0.0177568594682986,1.4561844933738772,0.1237624528765585,65.28,3.0,75.31,3.0,2.0,4.0,0.0,2.0,2.0,0.1428571428571428
452,2021-11-16,-0.4141312957602352,1.51489140158643,0.1311957924617073,65.28,3.0,75.31,3.0,2.0,4.0,0.0,2.0,2.0,0.1428571428571428
453,2021-11-17,0.2349920749474358,1.1719717965008856,0.1000448747951627,65.28,3.0,75.31,3.0,2.0,4.0,0.0,2.0,2.0,0.0
454,2021-11-18,-0.7587328597828974,1.3110199833959095,0.1062102560718714,65.28,3.0,75.31,3.0,2.0,4.0,0.0,2.0,2.0,0.0
455,2021-11-19,1.3113131915158456,1.3520089329933342,0.1124335331584743,65.28,3.0,75.48,3.0,2.0,4.0,0.0,2.0,2.0,0.0
456,2021-11-22,0.093893688620204,1.2776558547598562,0.1085687652303294,65.28,3.0,75.48,3.0,2.0,4.0,0.0,2.0,2.0,0.0
457,2021-11-23,0.1358139979165487,1.0721200637723451,0.0931229486838066,65.28,3.0,75.48,3.0,2.0,4.0,0.0,2.0,2.0,0.0
458,2021-11-24,0.0332352755022336,1.1761209978084504,0.1009577189519011,65.28,3.0,75.48,3.0,2.0,4.0,0.0,2.0,2.0,0.0
459,2021-11-25,-0.339412026437295,1.0759508205376989,0.0991005263076056,65.28,3.0,75.48,3.0,2.0,4.0,0.0,2.0,2.0,0.0
460,2021-11-26,-0.9076067389650198,1.03839205813443,0.0871768137107412,65.28,3.0,75.48,3.0,2.0,4.0,0.0,2.0,2.0,0.0
461,2021-11-29,-0.6733529084545956,1.266899293655419,0.113960618803308,70.83,3.0,77.88,3.0,2.0,4.0,0.0,2.0,2.0,0.0
462,2021-11-30,0.0840445171414266,1.1752705523555205,0.1007722319872747,70.83,3.0,77.88,3.0,2.0,4.0,0.0,2.0,2.0,0.0
463,2021-12-01,0.8038399298519486,1.3315953361864168,0.125767398389957,70.83,3.0,77.88,3.0,2.0,4.0,0.0,2.0,2.0,0.0
464,2021-12-02,0.1807937000357505,1.3619751245302247,0.1159288634276504,70.83,3.0,77.88,3.0,2.0,4.0,0.0,2.0,2.0,0.0
465,2021-12-03,1.0505109021635075,1.4022492567057034,0.1204978874047437,70.83,3.0,78.9,3.0,2.0,4.0,0.0,2.0,2.0,0.0
466,2021-12-06,-0.2698568462884562,1.340753215383292,0.1120249508411162,70.83,3.0,78.9,3.0,2.0,4.0,0.0,2.0,2.0,0.0
467,2021-12-07,0.7243339138325569,1.5899203132581696,0.1334738217451775,70.83,3.0,78.9,3.0,2.0,4.0,0.0,2.0,2.0,0.0
468,2021-12-08,1.0622458256951546,1.4914319291395768,0.1241773348878392,70.83,3.0,78.9,3.0,2.0,4.0,0.0,2.0,2.0,0.0
469,2021-12-09,1.412578288126573,1.4783260312105897,0.124388442321353,70.83,3.0,78.9,3.0,2.0,4.0,0.0,2.0,2.0,0.0
470,2021-12-10,-0.7124804543866579,1.1822576198356798,0.1051170327355341,70.83,3.0,81.53,3.0,2.0,4.0,0.0,2.0,2.0,0.0
471,2021-12-13,0.3985854222561282,1.4813125299549754,0.1236141592025132,70.83,3.0,81.53,3.0,2.0,4.0,0.0,2.0,2.0,0.0
472,2021-12-14,-0.8375386471903359,1.3084134296293577,0.1080118433126116,70.83,3.0,81.53,3.0,2.0,4.0,0.0,2.0,2.0,0.0
473,2021-12-15,-0.3132079202183498,1.1635729595001385,0.1073106774384932,70.83,3.0,81.53,3.0,2.0,4.0,0.0,2.0,2.0,0.0
474,2021-12-16,0.9461900738903668,1.155632363387591,0.1111157225296667,70.83,3.0,81.53,3.0,2.0,4.0,0.0,2.0,2.0,0.1428571428571428
475,2021-12-17,-0.8288859656221693,1.2243673737342229,0.1060966886056899,70.83,3.0,83.2,3.0,2.0,4.0,0.0,2.0,2.0,0.1428571428571428
476,2021-12-20,-1.1936981658816803,1.7028204790926742,0.1402526873207485,70.83,3.0,83.7,3.0,2.0,4.0,0.0,2.0,2.0,0.2857142857142857
477,2021-12-21,1.2799752171773806,1.1508058315923544,0.0975725525617294,70.83,3.0,83.7,3.0,2.0,4.0,0.0,2.0,2.0,0.2857142857142857
478,2021-12-22,0.1233360261664849,1.4314608106875162,0.1175277237508286,70.83,3.0,83.7,3.0,2.0,4.0,0.0,2.0,2.0,0.2857142857142857
479,2021-12-23,0.2693158951896114,1.2445342382869429,0.1043421058137645,79.17,3.0,83.7,3.0,2.0,4.0,2.0,2.0,2.0,0.1428571428571428
480,2021-12-24,-0.407039559109065,1.5020872159583094,0.123443530255077,79.17,3.0,83.7,3.0,2.0,4.0,2.0,2.0,2.0,0.1428571428571428
481,2021-12-27,0.2881514714407335,1.3476696986988277,0.11159934890084,79.17,3.0,84.39,3.0,2.0,4.0,2.0,2.0,2.0,0.0
482,2021-12-28,0.141219100147768,1.3686989215618797,0.1244521233905036,79.17,3.0,84.68,3.0,2.0,4.0,2.0,2.0,2.0,0.0
483,2021-12-29,-0.6903391953862101,1.312297959037362,0.1152444057629419,79.17,3.0,84.68,3.0,2.0,4.0,2.0,2.0,2.0,0.0
484,2021-12-30,0.6211306053640513,1.2150732398539996,0.1009195974185923,79.17,3.0,84.68,3.0,2.0,4.0,2.0,2.0,2.0,0.0
485,2021-12-31,0.7829997352980196,1.264948477430026,0.1163096043470146,79.17,3.0,84.68,3.0,2.0,4.0,2.0,2.0,2.0,0.0
486,2022-01-04,0.5785126068431082,1.7428057326906663,0.149036037425026,79.17,3.0,84.68,3.0,2.0,4.0,2.0,2.0,2.0,0.0
487,2022-01-05,-0.7467691290294179,1.7753223062725303,0.1409533425046955,79.17,3.0,84.68,3.0,2.0,4.0,2.0,2.0,2.0,0.0
488,2022-01-06,-0.4421208857899022,1.4339539949100697,0.119169169563329,79.17,3.0,85.07,3.0,2.0,4.0,2.0,2.0,2.0,0.0
489,2022-01-07,0.0869226731144971,1.6498795930055006,0.1235713129006038,79.17,3.0,85.27,3.0,2.0,4.0,2.0,2.0,2.0,0.0
490,2022-01-10,0.4199884984107656,1.125009056030265,0.0953089644134826,79.17,3.0,85.27,3.0,2.0,4.0,2.0,2.0,2.0,0.0
491,2022-01-11,-0.6780349107472746,1.4299403014449927,0.1167848025934747,79.17,3.0,85.27,3.0,2.0,4.0,2.0,2.0,2.0,0.0
492,2022-01-12,0.3444841241744657,1.2717394992376172,0.1081488253231163,79.17,3.0,85.27,3.0,2.0,4.0,2.0,2.0,2.0,0.0
493,2022-01-13,-1.2928944634898427,1.43999024335081,0.1066194342506314,79.17,3.0,85.27,3.0,2.0,4.0,2.0,2.0,2.0,0.0
494,2022-01-14,-1.3683659550299752,1.449545468442167,0.1159243698602271,79.17,3.0,85.6,3.0,2.0,4.0,2.0,2.0,2.0,0.1428571428571428
495,2022-01-17,0.5614781413795941,1.269413114825263,0.1099780151823479,79.17,3.0,85.6,3.0,2.0,4.0,2.0,2.0,2.0,0.1428571428571428
496,2022-01-18,0.9438448312504082,1.3898408848076476,0.1146685405505611,79.17,3.0,85.6,3.0,2.0,4.0,2.0,2.0,2.0,0.1428571428571428
497,2022-01-19,-0.3974826255156428,1.431917644360204,0.1136030930920256,79.17,3.0,85.6,3.0,2.0,4.0,2.0,2.0,2.0,0.1428571428571428
498,2022-01-20,0.3760614060189608,1.6635994453205407,0.1367188378818999,79.17,3.0,85.6,3.0,2.0,4.0,2.0,2.0,2.0,0.1428571428571428
499,2022-01-21,-1.3609023342138586,1.3739800365201316,0.1128667396713596,79.17,3.0,85.87,3.0,2.0,4.0,2.0,2.0,2.0,0.0
500,2022-01-24,-0.1850264401432036,1.3047321020732152,0.1139689983042273,64.35,1.0,85.87,2.0,2.0,4.0,1.0,2.0,2.0,0.0
501,2022-01-25,-2.993529545587449,1.4326164716515415,0.1149610870673346,64.35,1.0,85.87,2.0,2.0,4.0,1.0,2.0,2.0,0.0
502,2022-01-26,0.7143885079710417,1.2949844941143624,0.1085411831476228,64.35,1.0,85.87,2.0,2.0,4.0,1.0,2.0,2.0,0.0
503,2022-01-27,-2.0845140626690792,1.4142591095263344,0.1105552456692066,64.35,1.0,85.87,2.0,2.0,4.0,1.0,2.0,2.0,0.0
504,2022-01-28,-0.6036704061760764,1.6399887280005665,0.1282287848144702,64.35,1.0,86.08,2.0,2.0,4.0,1.0,2.0,2.0,0.0
505,2022-02-07,1.5806098762766188,2.0139888661472987,0.1744949227007311,64.35,1.0,86.15,2.0,2.0,4.0,1.0,2.0,2.0,0.0
506,2022-02-08,1.1113479946719222,1.5541186971956158,0.130751815115012,64.35,1.0,86.15,2.0,2.0,4.0,1.0,2.0,2.0,0.0
507,2022-02-09,0.990887934980971,1.4021885830293837,0.107878556321874,64.35,1.0,86.15,2.0,2.0,4.0,1.0,2.0,2.0,0.0
508,2022-02-10,0.3575913603934412,1.3009820307530542,0.1121056803367706,64.35,1.0,86.15,2.0,2.0,4.0,1.0,2.0,2.0,0.2857142857142857
509,2022-02-11,-0.6872680499777455,1.5081913881979123,0.1226964098270244,64.35,1.0,86.15,2.0,2.0,4.0,1.0,2.0,2.0,0.4285714285714285
510,2022-02-14,-1.4408875868681033,1.5865249777253967,0.1293080253741069,64.35,1.0,86.15,2.0,2.0,4.0,1.0,2.0,2.0,0.8571428571428571
511,2022-02-15,0.3513269832388233,1.5143355783305006,0.1239134885612408,64.35,1.0,86.15,2.0,2.0,4.0,1.0,2.0,2.0,1.1428571428571428
512,2022-02-16,0.3815868017430913,0.9129438907644802,0.0785169170251182,64.35,1.0,86.15,2.0,2.0,4.0,1.0,2.0,2.0,1.7142857142857142
513,2022-02-17,-0.2227211229570978,1.107295973706805,0.0920656793565778,64.35,1.0,86.15,2.0,2.0,4.0,1.0,2.0,2.0,1.8571428571428568
514,2022-02-18,0.9303105207286996,1.146356770210179,0.0937980285947438,64.35,1.0,86.44,2.0,2.0,4.0,1.0,2.0,2.0,3.2857142857142856
515,2022-02-21,0.263314466730036,1.1583400746056325,0.1012300098072901,64.35,1.0,86.44,2.0,2.0,4.0,1.0,2.0,2.0,10.0
516,2022-02-22,-1.188596266166191,1.2202337996785748,0.1090955955730641,64.35,1.0,86.44,2.0,2.0,4.0,1.0,2.0,2.0,11.428571428571429
517,2022-02-23,0.5977271746194254,1.4699619858313575,0.1175239985161064,64.35,1.0,86.44,2.0,2.0,4.0,1.0,2.0,2.0,16.0
518,2022-02-24,-2.072937699996695,1.3563976655052732,0.1147310489287856,64.35,1.0,86.44,2.0,2.0,4.0,1.0,2.0,2.0,22.571428571428573
519,2022-02-25,0.5020918819398237,1.2065487117999445,0.103358062927904,64.35,1.0,86.58,2.0,2.0,4.0,1.0,2.0,2.0,26.714285714285715
520,2022-02-28,-0.0404015282986662,1.0884840722718676,0.0879492408705613,59.54,1.0,86.58,2.0,2.0,4.0,1.0,0.0,2.0,53.142857142857146
521,2022-03-01,0.6506209266224374,1.1571947265714713,0.0984806090741462,59.54,1.0,86.58,2.0,2.0,4.0,1.0,0.0,2.0,63.57142857142857
522,2022-03-02,-0.113261673721873,1.054195225042713,0.0942589021778499,59.54,1.0,86.58,2.0,2.0,4.0,1.0,0.0,2.0,93.57142857142856
523,2022-03-03,0.1095979470940873,1.5792443678735806,0.1266186711676481,59.54,1.0,86.58,2.0,2.0,4.0,1.0,0.0,2.0,112.0
524,2022-03-04,-0.9452534790824172,1.1202172768759937,0.0880114553714647,59.54,1.0,86.58,2.0,2.0,4.0,1.0,0.0,2.0,134.57142857142858
525,2022-03-07,-2.366559136047955,1.7683625250074344,0.138336668622539,59.54,1.0,86.58,2.0,2.0,4.0,1.0,0.0,2.0,192.57142857142856
526,2022-03-08,-3.062789392252173,1.566197707980299,0.1275255156597174,59.54,1.0,86.58,2.0,2.0,4.0,1.0,0.0,2.0,220.42857142857144
527,2022-03-09,-1.772226266150119,1.7718811488957735,0.1386946145681197,59.54,1.0,86.58,2.0,2.0,4.0,1.0,0.0,2.0,226.8571428571429
528,2022-03-10,1.1763022312454317,1.555449969461979,0.1242312008364907,59.54,1.0,86.58,2.0,2.0,4.0,1.0,0.0,2.0,243.0
529,2022-03-11,0.8259655999224728,1.5869332178124007,0.1301659912374471,59.54,1.0,86.58,2.0,2.0,4.0,1.0,0.0,2.0,254.8571428571429
530,2022-03-14,-2.504755807805063,1.5930721186907588,0.1306165893789257,64.35,1.0,86.91,2.0,2.0,4.0,1.0,2.0,2.0,283.7142857142857
531,2022-03-15,-5.444879401995558,1.9589061456999104,0.1472405007296326,64.35,1.0,86.91,2.0,2.0,4.0,1.0,2.0,2.0,284.57142857142856
532,2022-03-16,3.582996387763949,1.7251103046843503,0.1342456241550397,64.35,1.0,86.91,2.0,2.0,4.0,1.0,2.0,2.0,284.2857142857143
533,2022-03-17,1.638484916862618,1.8465688665831137,0.1419670955554828,64.35,1.0,86.93,2.0,2.0,4.0,1.0,2.0,2.0,282.57142857142856
534,2022-03-18,1.201545880764238,1.5347330618718529,0.1286230212048866,64.35,1.0,86.94,2.0,2.0,4.0,1.0,2.0,2.0,283.7142857142857
535,2022-03-21,-0.1037943350304937,1.364778812684914,0.1160911393705996,64.35,1.0,86.99,2.0,2.0,4.0,1.0,2.0,2.0,272.1428571428572
536,2022-03-22,0.5435108255110729,1.4574226376184838,0.1222659954730779,64.35,1.0,86.99,2.0,2.0,4.0,1.0,2.0,2.0,263.1428571428572
537,2022-03-23,0.4233714469047092,1.3600240953774274,0.1225203825509762,64.35,1.0,86.99,2.0,2.0,4.0,1.0,2.0,2.0,256.85714285714283
538,2022-03-24,-0.8057565409237661,1.349226336705618,0.1155318649765174,64.35,1.0,87.02,2.0,2.0,4.0,1.0,2.0,2.0,246.28571428571428
539,2022-03-25,-1.140957047517279,1.243203111893845,0.1005685720444503,64.35,1.0,87.02,2.0,2.0,4.0,1.0,2.0,2.0,233.7142857142857
540,2022-03-28,0.098205250713299,1.4509629677437064,0.1220995104540724,68.06,1.0,87.02,3.0,2.0,4.0,1.0,2.0,2.0,193.7142857142857
541,2022-03-29,-0.6623937213255808,1.324947931263019,0.1166612585879354,73.61,3.0,87.02,3.0,2.0,4.0,1.0,2.0,2.0,185.8571428571429
542,2022-03-30,2.1831174118040333,1.6418272585976352,0.1325963288042011,73.61,3.0,87.02,3.0,2.0,4.0,1.0,2.0,2.0,172.42857142857142
543,2022-03-31,-0.464547904583757,1.3676916636634235,0.1074959010492087,73.61,3.0,87.12,3.0,2.0,4.0,1.0,2.0,2.0,162.42857142857142
544,2022-04-01,1.1387258769512305,1.5055564065146758,0.1230116031588658,73.61,3.0,87.12,3.0,2.0,4.0,1.0,2.0,2.0,150.71428571428572
545,2022-04-06,0.4607317267837219,1.7860435765088996,0.1457650116201582,73.61,3.0,87.19,3.0,2.0,4.0,1.0,2.0,2.0,111.14285714285714
546,2022-04-07,-1.7743270217072176,1.2636215961090302,0.1016437382574321,73.61,3.0,87.19,3.0,2.0,4.0,1.0,2.0,2.0,107.71428571428572
547,2022-04-08,0.4470634164556974,1.5992291567510166,0.1257063790984654,79.17,3.0,87.19,3.0,2.0,4.0,2.0,2.0,2.0,104.57142857142856
548,2022-04-11,-2.849359090692962,1.8597486709084865,0.1471415133187083,79.17,3.0,87.31,3.0,2.0,4.0,2.0,2.0,2.0,85.57142857142857
549,2022-04-12,1.719544376430879,1.9348230602884944,0.1562364185531554,79.17,3.0,87.31,3.0,2.0,4.0,2.0,2.0,2.0,80.85714285714286
550,2022-04-13,-1.1135713825602849,1.574423546786067,0.1301263848324295,79.17,3.0,87.31,3.0,2.0,4.0,2.0,2.0,2.0,76.85714285714286
551,2022-04-14,1.2918199280786158,1.3818254038052435,0.1190806445429532,79.17,3.0,87.31,3.0,2.0,4.0,2.0,2.0,2.0,69.85714285714286
552,2022-04-15,-0.2341066720262711,1.6139353864176524,0.1327161541685079,79.17,3.0,87.31,3.0,2.0,4.0,2.0,2.0,2.0,63.71428571428572
553,2022-04-18,-0.6067174615876891,1.9018167781501791,0.1463778311570314,79.17,3.0,87.44,3.0,2.0,4.0,2.0,2.0,2.0,53.142857142857146
554,2022-04-19,-0.2725122263343012,1.353133751366285,0.1110473256058061,79.17,3.0,87.44,3.0,2.0,4.0,2.0,2.0,2.0,48.85714285714285
555,2022-04-20,-1.624578180371089,1.6899239912250776,0.1483282706165318,79.17,3.0,87.44,3.0,2.0,4.0,2.0,2.0,2.0,44.142857142857146
556,2022-04-21,-2.4099051753942518,1.5716469721366824,0.1153728709651225,79.17,3.0,87.44,3.0,2.0,4.0,2.0,2.0,2.0,37.85714285714285
557,2022-04-22,0.3825956011231471,1.584426482639513,0.1239380086603933,79.17,3.0,87.44,3.0,2.0,4.0,2.0,2.0,2.0,35.42857142857143
558,2022-04-25,-5.518527995247303,2.254947736262902,0.1616471909461031,79.17,3.0,87.44,3.0,2.0,4.0,2.0,2.0,2.0,35.285714285714285
559,2022-04-26,-2.105882886550248,2.8155696048371124,0.2139273368066211,79.17,3.0,87.44,3.0,2.0,4.0,2.0,2.0,2.0,41.42857142857143
560,2022-04-27,2.4455334061029976,2.385511494402777,0.1821604377890147,79.17,3.0,87.62,3.0,2.0,4.0,2.0,2.0,2.0,45.57142857142857
561,2022-04-28,0.1314916668363168,2.290742642637752,0.1761386146350304,79.17,3.0,87.64,3.0,2.0,4.0,2.0,2.0,2.0,51.142857142857146
562,2022-04-29,3.408194198468834,2.3834873641547687,0.1857923882364374,79.17,3.0,87.64,3.0,2.0,4.0,2.0,2.0,2.0,54.285714285714285
563,2022-05-05,0.1524485087608173,2.115992989187347,0.203399677554439,79.17,3.0,87.74,3.0,2.0,4.0,2.0,2.0,2.0,41.0
564,2022-05-06,-2.576094936438784,1.581403215988861,0.1309920023645291,79.17,3.0,87.74,3.0,2.0,4.0,2.0,2.0,2.0,35.714285714285715
565,2022-05-09,0.1144775670842263,1.537540749430928,0.1316157495092722,79.17,3.0,87.74,3.0,2.0,4.0,2.0,2.0,2.0,25.285714285714285
566,2022-05-10,0.8582146233306317,1.256039795929324,0.104391311712538,79.17,3.0,87.74,3.0,2.0,4.0,2.0,2.0,2.0,24.0
567,2022-05-11,0.6571455901773836,1.6690810980655846,0.1364249253281165,79.17,3.0,87.74,3.0,2.0,4.0,2.0,2.0,2.0,23.428571428571427
568,2022-05-12,-0.1352810078355071,1.095945859035869,0.093750068649449,79.17,3.0,87.85,3.0,2.0,4.0,2.0,2.0,2.0,22.714285714285715
569,2022-05-13,0.9431449550555616,1.359375259999127,0.1173751312863686,79.17,3.0,87.85,3.0,2.0,4.0,2.0,2.0,2.0,22.428571428571427
570,2022-05-16,-0.4036846116838368,1.1959730788677774,0.0947040654255381,79.17,3.0,87.85,3.0,2.0,4.0,2.0,2.0,2.0,27.428571428571427
571,2022-05-17,0.3855461372424725,1.3533367499139988,0.1184655055584305,79.17,3.0,87.85,3.0,2.0,4.0,2.0,2.0,2.0,29.0
572,2022-05-18,-0.3040660591555534,1.0737456572657114,0.0917202677728397,79.17,3.0,87.85,3.0,2.0,4.0,2.0,2.0,2.0,31.428571428571427
573,2022-05-19,0.2790429991991097,1.3138828006251897,0.1132157258603588,79.17,3.0,87.85,3.0,2.0,4.0,2.0,2.0,2.0,35.714285714285715
574,2022-05-20,1.55334978934146,1.3113921563270472,0.1101775936334083,79.17,3.0,87.85,3.0,2.0,4.0,2.0,2.0,2.0,41.42857142857143
575,2022-05-23,-0.0413773527949469,1.3555652300764238,0.1147476737718691,79.17,3.0,88.01,3.0,2.0,4.0,2.0,2.0,2.0,49.57142857142857
576,2022-05-24,-2.750517301642157,1.648671059856889,0.1340299673693243,79.17,3.0,88.01,3.0,2.0,4.0,2.0,2.0,2.0,51.142857142857146
577,2022-05-25,1.198457047104493,1.2840696700791323,0.122104216635985,79.17,3.0,88.01,3.0,2.0,4.0,2.0,2.0,2.0,51.285714285714285
578,2022-05-26,0.9363997085153852,1.3401278172908082,0.116770485354479,79.17,3.0,88.07,3.0,2.0,4.0,2.0,2.0,2.0,56.0
579,2022-05-27,-0.1511385228053147,0.9395100534609324,0.0816817194920956,79.17,3.0,88.07,3.0,2.0,4.0,2.0,2.0,2.0,62.71428571428572
580,2022-05-30,0.3275497491743718,1.433266289084841,0.1202497179132444,79.17,3.0,88.07,3.0,2.0,4.0,2.0,2.0,2.0,95.57142857142856
581,2022-05-31,1.2022582941868485,1.3177223994119165,0.1082882662309892,79.17,3.0,88.07,3.0,2.0,4.0,2.0,2.0,2.0,105.57142857142856
582,2022-06-01,-0.2182583617150177,1.2129280090866223,0.1021560304087116,79.17,3.0,88.15,3.0,2.0,4.0,2.0,2.0,2.0,112.42857142857144
583,2022-06-02,0.2671047040377992,1.306546996582678,0.106409705007697,79.17,3.0,88.15,3.0,2.0,4.0,2.0,2.0,2.0,118.71428571428572
584,2022-06-06,0.9643095020698784,1.57074290151984,0.153348035832053,79.17,3.0,88.17,3.0,2.0,4.0,2.0,2.0,2.0,127.57142857142856
585,2022-06-07,0.1963931587943956,1.2335336601687568,0.1022413672498086,79.17,3.0,88.17,3.0,2.0,4.0,2.0,2.0,2.0,133.28571428571428
586,2022-06-08,0.5165760525094105,1.5872735555913315,0.1807965870489922,79.17,3.0,88.17,3.0,2.0,4.0,2.0,2.0,2.0,138.57142857142858
587,2022-06-09,-0.9052439696092692,1.6104429528191666,0.1251328938602388,79.17,3.0,88.17,3.0,2.0,4.0,2.0,2.0,2.0,143.71428571428572
588,2022-06-10,1.2635561562756417,1.3071283939991092,0.1084620257356436,79.17,3.0,88.17,3.0,2.0,4.0,2.0,2.0,2.0,153.28571428571428
589,2022-06-13,-0.960542857056312,1.7456616675585732,0.1809913099047319,79.17,3.0,88.17,3.0,2.0,4.0,2.0,2.0,2.0,176.57142857142858
590,2022-06-14,1.213363993250327,1.7629139429361602,0.1474490365907253,79.17,3.0,88.17,3.0,2.0,4.0,2.0,2.0,2.0,170.57142857142858
591,2022-06-15,1.324909404028708,1.807231530433394,0.1432872510382387,79.17,3.0,88.17,3.0,2.0,4.0,2.0,2.0,2.0,170.14285714285714
592,2022-06-16,-0.6938450693228488,1.8371886381049856,0.1471121193659799,79.17,3.0,88.31,3.0,2.0,4.0,2.0,2.0,2.0,168.0
593,2022-06-17,0.4385717502253001,1.3008682618633374,0.1145916196804457,79.17,3.0,88.31,3.0,2.0,4.0,2.0,2.0,2.0,161.71428571428572
594,2022-06-20,0.4147794270631215,1.820540387723195,0.1513028989834264,79.17,3.0,88.31,3.0,2.0,4.0,2.0,2.0,2.0,150.71428571428572
595,2022-06-21,-0.0711792830142565,1.2973869514725405,0.1212791371769986,79.17,3.0,88.31,3.0,2.0,4.0,2.0,2.0,2.0,155.85714285714286
596,2022-06-22,-1.7487638793150595,1.3077736684878116,0.1295623606279416,79.17,3.0,88.31,3.0,2.0,4.0,2.0,2.0,2.0,154.57142857142858
597,2022-06-23,1.3532021676477803,1.4111205949377814,0.1165265859829717,79.17,3.0,88.37,3.0,2.0,4.0,2.0,2.0,2.0,158.57142857142858
598,2022-06-24,0.5468400191385715,1.4603351876522166,0.1202741549020814,79.17,3.0,88.37,3.0,2.0,4.0,2.0,2.0,2.0,158.42857142857142
599,2022-06-27,0.7580252527041308,1.5253499675954296,0.1326980650456342,79.17,3.0,88.4,3.0,2.0,4.0,2.0,2.0,2.0,148.0
600,2022-06-28,1.1078788336106788,1.391515953292441,0.1119871988532881,79.17,3.0,88.4,3.0,2.0,4.0,2.0,2.0,2.0,140.28571428571428
601,2022-06-29,-1.224282455337264,1.9378267096528732,0.1672823034001581,79.17,3.0,88.4,3.0,2.0,4.0,2.0,2.0,2.0,138.71428571428572
602,2022-06-30,0.8542373324018749,1.462679091245973,0.1141349507907567,79.17,3.0,88.4,3.0,2.0,4.0,2.0,2.0,2.0,126.28571428571428
603,2022-07-01,-0.4134059874962043,1.3417644584848722,0.1162455421067185,73.61,3.0,88.4,3.0,2.0,4.0,2.0,1.0,2.0,119.57142857142856
604,2022-07-04,0.507210628163204,1.7659461372219205,0.1849540435526468,73.61,3.0,88.4,3.0,2.0,4.0,2.0,1.0,2.0,101.57142857142856
605,2022-07-05,-0.349610505237856,1.3818516301011856,0.1194271719510956,73.61,3.0,88.4,3.0,2.0,4.0,2.0,1.0,2.0,98.42857142857144
606,2022-07-06,-1.5660952886849837,1.4295178757272449,0.1216944529964361,73.61,3.0,88.4,3.0,2.0,4.0,2.0,1.0,2.0,98.28571428571428
607,2022-07-07,0.0543746113473458,1.343584209661529,0.1183937731028219,73.61,3.0,88.5,3.0,2.0,4.0,2.0,1.0,2.0,99.85714285714286
608,2022-07-08,-0.0822019013896312,1.2401355782906187,0.1134800942551659,73.61,3.0,88.5,3.0,2.0,4.0,2.0,1.0,2.0,97.85714285714286
609,2022-07-11,-1.2902074374402437,1.6823905675750523,0.1610306294356191,73.61,3.0,88.5,3.0,2.0,4.0,2.0,1.0,2.0,96.42857142857144
610,2022-07-12,-0.4512762600745252,1.497919506066416,0.1210868305205668,73.61,3.0,88.5,3.0,2.0,4.0,2.0,1.0,2.0,101.28571428571428
611,2022-07-13,-0.0587676677202146,1.0593281720458994,0.0901171983341419,73.61,3.0,88.5,3.0,2.0,4.0,2.0,1.0,2.0,95.42857142857144
612,2022-07-14,-0.4854145512253904,1.3982876072892036,0.1232907109647525,73.61,3.0,88.5,3.0,2.0,4.0,2.0,1.0,2.0,89.14285714285714
613,2022-07-15,-2.2572495281711102,1.6647226946187252,0.1382980974040527,73.61,3.0,88.5,3.0,2.0,4.0,2.0,1.0,2.0,87.42857142857143
614,2022-07-18,1.7861944632061075,1.422111311243323,0.1124059249032174,73.61,3.0,88.5,3.0,2.0,4.0,2.0,1.0,2.0,82.85714285714286
615,2022-07-19,0.3170260722491356,1.0682343548214923,0.0930338252466492,73.61,3.0,88.5,3.0,2.0,4.0,2.0,1.0,2.0,75.42857142857143
616,2022-07-20,0.5859435141213796,1.0814107165260392,0.0951082161052613,73.61,3.0,88.67,3.0,2.0,4.0,2.0,1.0,2.0,72.42857142857143
617,2022-07-21,-0.973851858970393,1.2652607446234236,0.1110261364024608,73.61,3.0,88.67,3.0,2.0,4.0,2.0,1.0,2.0,73.28571428571429
618,2022-07-22,-0.3258547542944527,1.061379180018209,0.084302091553547,73.61,3.0,88.71,3.0,2.0,4.0,2.0,1.0,2.0,71.0
619,2022-07-25,-0.6970561638494233,1.221883036016999,0.1017208632716009,73.61,3.0,88.71,3.0,2.0,4.0,2.0,1.0,2.0,64.71428571428571
620,2022-07-26,1.0041091317183617,1.0752343368083406,0.0962010712673371,73.61,3.0,88.71,3.0,2.0,4.0,2.0,1.0,2.0,65.42857142857143
621,2022-07-27,-0.2348233350291403,0.9552660401164128,0.0880060174928453,73.61,3.0,88.71,3.0,2.0,4.0,2.0,1.0,2.0,65.71428571428571
622,2022-07-28,0.1190004961705785,1.2652958288859135,0.1419667216223601,73.61,3.0,88.71,3.0,2.0,4.0,2.0,1.0,2.0,62.85714285714285
623,2022-07-29,-1.204302636045398,1.334634970980732,0.1079671787762973,73.61,3.0,88.71,3.0,2.0,4.0,2.0,1.0,2.0,61.285714285714285
624,2022-08-01,0.0119800678100791,1.3786192128887833,0.1193544766587282,73.61,3.0,88.71,3.0,2.0,4.0,2.0,1.0,2.0,52.142857142857146
625,2022-08-02,-2.722120725439016,1.354388079148362,0.1113014276838735,73.61,3.0,88.71,3.0,2.0,4.0,2.0,1.0,2.0,50.142857142857146
626,2022-08-03,-0.7967576450271477,1.2864359067949118,0.110962394339607,73.61,3.0,88.71,3.0,2.0,4.0,2.0,1.0,2.0,50.0
627,2022-08-04,0.7625321347804288,1.0265116622305888,0.0885525407629259,73.61,3.0,88.71,3.0,2.0,4.0,2.0,1.0,2.0,49.71428571428572
628,2022-08-05,1.4476842632895588,1.3168280039925375,0.1089784632413432,73.61,3.0,88.71,3.0,2.0,4.0,2.0,1.0,2.0,48.57142857142857
629,2022-08-08,0.1403219918347064,1.1063949305246483,0.098695241301994,73.61,3.0,88.71,3.0,2.0,4.0,2.0,1.0,2.0,48.42857142857143
630,2022-08-09,-0.0360075430585533,0.9686232608451408,0.0837059497244714,73.61,3.0,88.95,3.0,2.0,4.0,2.0,1.0,2.0,47.142857142857146
631,2022-08-10,-0.7029550774094191,1.015027242553006,0.0910306639410308,73.61,3.0,88.95,3.0,2.0,4.0,2.0,1.0,2.0,44.142857142857146
632,2022-08-11,2.204383014869162,1.41373951234216,0.1149595239250282,73.61,3.0,88.95,3.0,2.0,4.0,2.0,1.0,2.0,43.142857142857146
633,2022-08-12,0.368380416223745,1.2078716540502534,0.1066281381940797,73.61,3.0,88.95,3.0,2.0,4.0,2.0,1.0,2.0,41.142857142857146
634,2022-08-15,-0.4450853927392382,1.2182732543340271,0.1101253700803203,73.61,3.0,88.95,3.0,2.0,4.0,2.0,1.0,2.0,33.0
635,2022-08-16,-0.0385650651964036,0.9651341709849144,0.0904685163308523,73.61,3.0,88.95,3.0,2.0,4.0,2.0,1.0,2.0,32.0
636,2022-08-17,0.9045837980127543,1.0684751381569395,0.0932848350730526,73.61,3.0,88.95,3.0,2.0,4.0,2.0,1.0,2.0,32.857142857142854
637,2022-08-18,-1.0361607702321955,1.1000192000627145,0.1345690566720942,73.61,3.0,88.95,3.0,2.0,4.0,2.0,1.0,2.0,34.0
638,2022-08-19,-0.1971166272589,1.344728814990631,0.1208626392887571,73.61,3.0,88.95,3.0,2.0,4.0,2.0,1.0,2.0,33.142857142857146
639,2022-08-22,0.5995855116421341,1.1829880185399149,0.1024084685514362,73.61,3.0,88.95,3.0,2.0,4.0,2.0,1.0,2.0,34.142857142857146
640,2022-08-23,-0.2735529116364943,1.257799790035051,0.1111010550948778,79.17,3.0,88.95,3.0,2.0,4.0,2.0,2.0,2.0,34.42857142857143
641,2022-08-24,-1.800177902377324,1.3542098675205785,0.1179558321162147,79.17,3.0,88.95,3.0,2.0,4.0,2.0,2.0,2.0,34.285714285714285
642,2022-08-25,1.0224436087812512,1.294444690495194,0.1067741704170377,79.17,3.0,88.95,3.0,2.0,4.0,2.0,2.0,2.0,33.57142857142857
643,2022-08-26,-0.2906926565224744,1.1153567936272977,0.0944414234181781,79.17,3.0,88.95,3.0,2.0,4.0,2.0,2.0,2.0,34.57142857142857
644,2022-08-29,-0.0980958142475096,1.086003421443907,0.0871417098313371,79.17,3.0,88.95,3.0,2.0,4.0,2.0,2.0,2.0,38.42857142857143
645,2022-08-30,0.1464929755704917,1.2180474645790007,0.1047338139632662,79.17,3.0,88.95,3.0,2.0,4.0,2.0,2.0,2.0,38.142857142857146
646,2022-08-31,-0.3813307480519957,1.7214182597880496,0.1409495943844945,79.17,3.0,88.95,3.0,2.0,4.0,2.0,2.0,2.0,40.142857142857146
647,2022-09-01,-0.4878635297813227,1.32693985438737,0.1110278376970593,75.46,3.0,88.95,3.0,2.0,4.0,2.0,2.0,2.0,39.85714285714285
648,2022-09-02,-0.0306324026056379,1.1324982080720176,0.0990302792115806,75.46,3.0,88.95,3.0,2.0,4.0,2.0,2.0,2.0,40.0
649,2022-09-05,0.1864170494992469,1.4155536206664294,0.1162134410520776,75.46,3.0,88.95,3.0,2.0,4.0,2.0,2.0,2.0,39.85714285714285
650,2022-09-06,1.173533215287375,1.214586514343046,0.1022588872685421,75.46,3.0,88.95,3.0,2.0,4.0,2.0,2.0,2.0,41.71428571428572
651,2022-09-07,-0.2216668899526939,0.9470636462628996,0.0899330561299618,75.46,3.0,89.11,3.0,2.0,4.0,2.0,2.0,2.0,40.285714285714285
652,2022-09-08,-0.1830752546810617,1.0150790540460328,0.0801857515409284,75.46,3.0,89.11,3.0,2.0,4.0,2.0,2.0,2.0,42.0
653,2022-09-09,1.293647928612301,1.1676077284861288,0.0964367483989383,75.46,3.0,89.11,3.0,2.0,4.0,2.0,2.0,2.0,41.142857142857146
654,2022-09-13,0.0120547195789514,1.1782421352998962,0.1009140005603341,69.91,3.0,89.11,3.0,2.0,4.0,1.0,2.0,2.0,42.285714285714285
655,2022-09-14,-0.9839860842863506,0.7320971465326364,0.0592158709798707,69.91,3.0,89.11,3.0,2.0,4.0,1.0,2.0,2.0,41.85714285714285
656,2022-09-15,-0.6904781899189862,1.3741876525769912,0.1103036400865194,69.91,3.0,89.11,3.0,2.0,4.0,1.0,2.0,2.0,42.57142857142857
657,2022-09-16,-3.0649970668126363,1.3166396054525225,0.1013990191425994,69.91,3.0,89.11,3.0,2.0,4.0,1.0,2.0,2.0,45.71428571428572
658,2022-09-19,-0.5070551742792528,1.4078114071484409,0.1118608369503346,69.91,3.0,89.11,3.0,2.0,4.0,1.0,2.0,2.0,50.85714285714285
659,2022-09-20,0.0571506046126453,1.192042238822091,0.1045417164269371,69.91,3.0,89.11,3.0,2.0,4.0,1.0,2.0,2.0,51.142857142857146
660,2022-09-21,0.142672306992985,1.265363040250224,0.106652332512848,69.91,3.0,89.11,3.0,2.0,4.0,1.0,2.0,2.0,51.85714285714285
661,2022-09-22,-0.8508739819868384,1.169592829828195,0.0960417278688392,69.91,3.0,89.11,3.0,2.0,4.0,1.0,2.0,2.0,52.0
662,2022-09-23,-0.552204500318876,1.149756754116591,0.0915771767051175,69.91,3.0,89.11,3.0,2.0,4.0,1.0,2.0,2.0,53.85714285714285
663,2022-09-26,-1.7680937328930075,1.6355186050612067,0.1279585165652004,69.91,3.0,89.11,3.0,2.0,4.0,1.0,2.0,2.0,72.14285714285714
664,2022-09-27,1.727840871506796,1.3301384189932877,0.1064538967457665,69.91,3.0,89.11,3.0,2.0,4.0,1.0,2.0,2.0,76.0
665,2022-09-28,-1.7628126397545008,1.3451928740420165,0.1008028047988094,69.91,3.0,89.17,3.0,2.0,4.0,1.0,2.0,2.0,76.28571428571429
666,2022-09-29,-0.6135592025561863,1.180037455457977,0.0904046890610913,69.91,3.0,89.17,3.0,2.0,4.0,1.0,2.0,2.0,76.85714285714286
667,2022-09-30,-0.0810781875910716,1.1134998790324937,0.0911601494637459,69.91,3.0,89.17,3.0,2.0,4.0,1.0,2.0,2.0,74.28571428571429
668,2022-10-10,-1.460938889995555,1.8328965662344927,0.1511232089925081,66.2,2.0,89.17,3.0,2.0,4.0,1.0,2.0,2.0,58.42857142857143
669,2022-10-11,0.0880680178026108,1.3936582750534037,0.1200971117916568,66.2,2.0,89.17,3.0,2.0,4.0,1.0,2.0,2.0,62.142857142857146
670,2022-10-12,1.6423600110483023,1.31415467494392,0.1031836829587164,66.2,2.0,89.19,3.0,2.0,4.0,1.0,2.0,2.0,63.0
671,2022-10-13,-0.1940795676873817,1.3369590005831071,0.1156762150694801,66.2,2.0,89.19,3.0,2.0,4.0,1.0,2.0,2.0,61.285714285714285
672,2022-10-14,1.879122969947305,1.497290831948746,0.1281386673721877,66.2,2.0,89.19,3.0,2.0,4.0,1.0,2.0,2.0,57.57142857142857
673,2022-10-17,0.6252898619572601,1.2077858158003176,0.1010866775001098,66.2,2.0,89.19,3.0,2.0,4.0,1.0,2.0,2.0,62.285714285714285
674,2022-10-18,-0.1381688503368685,0.9438269353058776,0.0865762504747936,66.2,2.0,89.19,3.0,2.0,4.0,1.0,2.0,2.0,61.0
675,2022-10-19,-1.415280099683097,1.0339257066612175,0.0857669467318447,66.2,2.0,89.19,3.0,2.0,4.0,1.0,2.0,2.0,60.285714285714285
676,2022-10-20,-0.3068675014558029,1.1074793039550566,0.0938179414137822,66.2,2.0,89.19,3.0,2.0,4.0,1.0,2.0,2.0,61.42857142857143
677,2022-10-21,0.0072068844934788,1.1171685979574972,0.0944598069452785,66.2,2.0,89.19,3.0,2.0,4.0,1.0,2.0,2.0,70.57142857142857
678,2022-10-24,-2.1941193227321127,1.609029987249866,0.137788128064279,66.2,2.0,89.19,3.0,2.0,4.0,1.0,2.0,2.0,66.85714285714286
679,2022-10-25,-0.4672942647929438,1.3678690168742216,0.112814410529672,66.2,2.0,89.19,3.0,2.0,4.0,1.0,2.0,2.0,68.42857142857143
680,2022-10-26,1.157040338141876,1.7871285968239947,0.1384091017031782,66.2,2.0,89.19,3.0,2.0,4.0,1.0,2.0,2.0,70.14285714285714
681,2022-10-27,0.1249687971917906,1.575201784195001,0.1530321452179514,66.2,2.0,89.19,3.0,2.0,4.0,1.0,2.0,2.0,70.85714285714286
682,2022-10-28,-2.7009037900742943,1.5480543982204436,0.1215286602197726,66.2,2.0,89.19,3.0,2.0,4.0,1.0,2.0,2.0,69.57142857142857
683,2022-10-31,-0.6815723827248046,2.302376741823624,0.1797864698997807,66.2,2.0,89.19,3.0,2.0,4.0,1.0,2.0,2.0,72.57142857142857
684,2022-11-01,2.586270252393482,2.017105465235544,0.1641216627902305,66.2,2.0,89.19,3.0,2.0,4.0,1.0,2.0,2.0,72.85714285714286
685,2022-11-02,1.09585995737986,1.428075113586525,0.1136852935002976,62.5,2.0,89.19,2.0,2.0,4.0,1.0,2.0,2.0,73.71428571428571
686,2022-11-03,-0.710743385205071,1.0738937514684264,0.0970055436702509,62.5,2.0,89.19,2.0,2.0,4.0,1.0,2.0,2.0,74.0
687,2022-11-04,2.3221148494577584,1.314168228056369,0.1031122069357729,62.5,2.0,89.22,2.0,2.0,4.0,1.0,2.0,2.0,73.85714285714286
688,2022-11-07,0.3488712324276634,1.1871870160944058,0.1005718407630607,62.5,2.0,89.22,2.0,2.0,4.0,1.0,2.0,2.0,73.0
689,2022-11-08,-0.3768499267867814,0.8837524662577885,0.07360104302745,62.5,2.0,89.22,2.0,2.0,4.0,1.0,2.0,2.0,68.42857142857143
690,2022-11-09,-0.2199642169632537,1.1831689222876198,0.116097071176488,62.5,2.0,89.22,2.0,2.0,4.0,1.0,2.0,2.0,62.85714285714285
691,2022-11-10,-0.2190933515497954,1.200765675319861,0.1011296888365435,62.5,2.0,89.22,2.0,2.0,4.0,1.0,2.0,2.0,65.42857142857143
692,2022-11-11,2.1270335099984656,1.838431100725896,0.1503849787858472,62.5,2.0,89.22,2.0,2.0,4.0,1.0,2.0,2.0,63.142857142857146
693,2022-11-14,0.3951887672051579,1.6973804616660513,0.1402750736547925,62.5,2.0,89.22,2.0,2.0,4.0,1.0,2.0,2.0,60.0
694,2022-11-15,1.5323770955096023,1.39933343390775,0.1098790104360256,62.5,2.0,89.22,2.0,2.0,4.0,1.0,2.0,2.0,61.57142857142857
695,2022-11-16,-0.5451345901715552,1.2175897838918113,0.101160003323564,62.5,2.0,89.22,2.0,2.0,4.0,1.0,2.0,2.0,66.85714285714286
696,2022-11-17,0.1512645331069686,1.176362699012888,0.1044723841641298,62.5,2.0,89.22,2.0,2.0,4.0,1.0,2.0,2.0,66.57142857142857
697,2022-11-18,-0.4983790818965221,1.1399234974481018,0.0996331097534816,69.91,2.0,89.22,3.0,2.0,4.0,1.0,2.0,2.0,68.57142857142857
698,2022-11-21,-0.8552648667429427,1.26394092168729,0.1000785542563971,75.46,2.0,89.22,3.0,2.0,4.0,2.0,2.0,2.0,66.28571428571429
699,2022-11-22,0.0297146268235418,1.5451182241144814,0.1226414825890665,75.46,2.0,89.22,3.0,2.0,4.0,2.0,2.0,2.0,66.85714285714286
700,2022-11-23,0.0606783672169999,1.0753045371987158,0.0893424859547332,79.17,3.0,89.22,3.0,2.0,4.0,2.0,2.0,2.0,66.14285714285714
701,2022-11-24,-0.2598601533264298,1.0036249960865986,0.0851489839503435,79.17,3.0,89.22,3.0,2.0,4.0,2.0,2.0,2.0,56.85714285714285
702,2022-11-25,0.8676317768724895,1.4869770821377049,0.1247949928400256,79.17,3.0,89.22,3.0,2.0,4.0,2.0,2.0,2.0,59.71428571428572
703,2022-11-28,-0.8143549539876136,1.220890782762042,0.0987241226952175,79.17,3.0,89.27,3.0,2.0,4.0,2.0,2.0,2.0,54.57142857142857
704,2022-11-29,2.897895421749677,1.8350484490271328,0.1483543847093461,79.17,3.0,89.27,3.0,2.0,4.0,2.0,2.0,2.0,50.57142857142857
705,2022-11-30,-0.0745971662063739,1.1569514214208645,0.1070652969578348,79.17,3.0,89.27,3.0,2.0,4.0,2.0,2.0,2.0,45.142857142857146
706,2022-12-01,0.4629134458070595,1.418540517850572,0.1118284565647236,71.76,1.0,89.27,3.0,2.0,4.0,2.0,2.0,2.0,59.85714285714285
707,2022-12-02,-0.5079238732811585,0.9433053473270828,0.0737753246674246,71.76,1.0,89.27,3.0,2.0,4.0,2.0,2.0,2.0,54.0
708,2022-12-05,2.268290613188012,1.6513214188105263,0.1344927622924585,71.76,1.0,89.27,3.0,2.0,4.0,2.0,2.0,2.0,51.285714285714285
709,2022-12-06,0.0211875212260348,1.2260106666194168,0.1018333265615952,71.76,1.0,89.27,3.0,2.0,4.0,2.0,2.0,2.0,53.57142857142857
710,2022-12-07,-0.3639250432904459,1.19076178339162,0.0957052852527088,71.76,1.0,89.27,3.0,2.0,4.0,2.0,2.0,2.0,57.142857142857146
711,2022-12-08,-0.0379473469858417,1.0586977221992966,0.0867236443813258,68.98,1.0,89.27,3.0,2.0,3.0,2.0,2.0,2.0,47.57142857142857
712,2022-12-09,0.4263639086522673,1.3574077598301753,0.1113332222276216,67.13,0.0,89.27,3.0,2.0,3.0,2.0,2.0,2.0,47.0
713,2022-12-12,-1.244478413605264,1.7103297009788732,0.1316801879389832,67.13,0.0,89.27,3.0,2.0,3.0,2.0,2.0,2.0,102.71428571428572
714,2022-12-13,0.122456686507287,1.0506918755459973,0.0839124722540094,58.8,0.0,89.35,3.0,2.0,3.0,2.0,0.0,2.0,124.42857142857144
715,2022-12-14,-0.1436152577389369,1.1814963656230846,0.1067636802069998,53.24,0.0,89.35,3.0,2.0,3.0,1.0,0.0,2.0,146.0
716,2022-12-15,-0.53355931939214,1.0597204536775875,0.0808721121767863,53.24,0.0,89.35,3.0,2.0,3.0,1.0,0.0,2.0,169.14285714285714
717,2022-12-16,0.3493939757989843,1.078325393824369,0.0885089465922986,53.24,0.0,89.35,3.0,2.0,3.0,1.0,0.0,2.0,190.42857142857144
718,2022-12-19,-2.257842606681834,1.074816262626162,0.0917887246182782,47.69,0.0,89.35,1.0,2.0,3.0,1.0,0.0,2.0,226.7142857142857
719,2022-12-20,-1.1673392081511662,1.1683031445411467,0.0936423218053976,47.69,0.0,89.35,1.0,2.0,3.0,1.0,0.0,2.0,244.0
720,2022-12-21,-0.1457955864063513,0.9002445539472587,0.070605640072756,47.69,0.0,89.35,1.0,2.0,3.0,1.0,0.0,2.0,268.42857142857144
721,2022-12-22,-0.2054030430754978,1.2606572987242757,0.1051974655139115,47.69,0.0,89.35,1.0,2.0,3.0,1.0,0.0,2.0,303.2857142857143
722,2022-12-23,-0.0436115444881631,0.9298770083527492,0.0810369800779037,47.69,0.0,89.35,1.0,2.0,3.0,1.0,0.0,2.0,362.57142857142856
723,2022-12-26,0.1967259953871564,1.303812534650341,0.1037095362877825,47.69,0.0,89.35,1.0,2.0,3.0,1.0,0.0,2.0,685.0
724,2022-12-27,0.8795684730502167,1.058009638525236,0.0893970976066701,47.69,0.0,89.35,1.0,2.0,3.0,1.0,0.0,2.0,835.5714285714286
725,2022-12-28,-0.4626584654169084,1.1543915116063637,0.098291239923182,47.69,0.0,89.35,1.0,2.0,3.0,1.0,0.0,2.0,983.2857142857144
726,2022-12-29,-0.4701686372966257,0.9808783896907844,0.0784614410899108,47.69,0.0,89.35,1.0,2.0,3.0,1.0,0.0,2.0,1120.7142857142858
727,2022-12-30,0.6064373123171444,0.8217430310728686,0.066196018225696,47.69,0.0,89.35,1.0,2.0,3.0,1.0,0.0,2.0,1294.571428571429
728,2023-01-03,0.7089671764167239,1.436734012830433,0.1141059467581503,0.0,0.0,89.35,0.0,0.0,0.0,0.0,0.0,2.0,2556.1428571428573
729,2023-01-04,0.4882855138875711,1.4154726525242296,0.1248460286138688,0.0,0.0,89.35,0.0,0.0,0.0,0.0,0.0,2.0,2955.428571428572
730,2023-01-05,1.097993321957273,1.3019504581196897,0.1105917217815961,0.0,0.0,89.35,0.0,0.0,0.0,0.0,0.0,2.0,3386.285714285714
731,2023-01-06,-0.2800508886615344,0.9894534682957002,0.0884166304457964,0.0,0.0,89.35,0.0,0.0,0.0,0.0,0.0,2.0,3747.0
732,2023-01-09,0.6092929807045244,1.3167931079185626,0.1143858083798366,0.0,0.0,89.35,0.0,0.0,0.0,0.0,0.0,0.0,3964.0
